beam_angle_deg,scene_id,scene_name,method,seed,orientation_deg,line_count,path_length_km,path_gain_vs_fixed_pct,coverage_pct,excess_overlap_pct,planning_time_s,feasible,target_overlap
120.0,gebco_cascadia_margin_moderate,GEBCO Cascadia Margin,Fixed-Spacing,0,0.0,110,14269.847556970915,0.0,100.0,0.09777777777777785,0.0991367729875492,1,0.1
120.0,gebco_cascadia_margin_moderate,GEBCO Cascadia Margin,Adaptive Spacing w/o GA,0,90.0,79,14197.20799999995,0.5090422772980557,100.0,0.0,1.3341197060071863,1,0.1
120.0,gebco_cascadia_margin_moderate,GEBCO Cascadia Margin,Full Geometry-Aware Hybrid GA,0,90.0,79,14196.861188283592,0.5114726586666924,99.16666666666667,0.3021063664557441,0.6557859010063112,1,0.1
120.0,gebco_cascadia_margin_moderate,GEBCO Cascadia Margin,Full Geometry-Aware Hybrid GA,1,90.0,79,14196.74286885465,0.5123018155898482,98.33333333333333,0.34812882216986973,0.6562510439980542,1,0.1
120.0,gebco_cascadia_margin_moderate,GEBCO Cascadia Margin,Full Geometry-Aware Hybrid GA,2,90.0,79,14196.941964860254,0.5109065939183502,97.5,0.23012301102670354,0.6569228360021953,1,0.1
120.0,gebco_cascadia_margin_moderate,GEBCO Cascadia Margin,Full Geometry-Aware Hybrid GA,3,90.0,79,14197.02551357757,0.5103211026089176,98.33333333333333,0.06962184623303407,0.6555247590004001,1,0.1
120.0,gebco_cascadia_margin_moderate,GEBCO Cascadia Margin,Full Geometry-Aware Hybrid GA,4,90.0,79,14196.960770160751,0.5107748104467912,98.33333333333333,0.24192376418712874,0.6555091760092182,1,0.1
120.0,gebco_cascadia_margin_moderate,GEBCO Cascadia Margin,Full Geometry-Aware Hybrid GA,5,90.0,79,14196.81713260126,0.5117813913434532,98.33333333333333,0.16495727638684413,0.657318559999112,1,0.1
120.0,gebco_cascadia_margin_moderate,GEBCO Cascadia Margin,Full Geometry-Aware Hybrid GA,6,90.0,79,14196.882984208682,0.511319917545931,98.33333333333333,0.16935434545882244,0.6558255870040739,1,0.1
120.0,gebco_cascadia_margin_moderate,GEBCO Cascadia Margin,Full Geometry-Aware Hybrid GA,7,90.0,79,14196.738979616453,0.5123290705284925,98.33333333333333,0.29725558216570647,0.6572666900028707,1,0.1
120.0,gebco_cascadia_margin_moderate,GEBCO Cascadia Margin,Full Geometry-Aware Hybrid GA,8,90.0,79,14196.856327135587,0.5115067245387049,98.33333333333333,0.229983615530982,0.6570551409968175,1,0.1
120.0,gebco_cascadia_margin_moderate,GEBCO Cascadia Margin,Full Geometry-Aware Hybrid GA,9,90.0,79,14196.819489078776,0.5117648776595677,98.33333333333333,0.10740918082681639,0.656192613998428,1,0.1
120.0,gebco_cascadia_margin_moderate,GEBCO Cascadia Margin,Full Geometry-Aware Hybrid GA,10,90.0,79,14196.723939894804,0.5124344656393326,98.33333333333333,0.14407650734540725,0.6565700250066584,1,0.1
120.0,gebco_cascadia_margin_moderate,GEBCO Cascadia Margin,Full Geometry-Aware Hybrid GA,11,90.0,79,14196.959802752432,0.5107815898346968,98.33333333333333,0.040063728894762965,0.6561813209991669,1,0.1
120.0,gebco_cascadia_margin_moderate,GEBCO Cascadia Margin,Full Geometry-Aware Hybrid GA,12,90.0,79,14196.912595100088,0.5111124108343977,98.33333333333333,0.041767744305134434,0.6559009159973357,1,0.1
120.0,gebco_cascadia_margin_moderate,GEBCO Cascadia Margin,Full Geometry-Aware Hybrid GA,13,90.0,79,14196.853633308192,0.5115256022974493,98.33333333333333,0.16630440110311265,0.6560751450015232,1,0.1
120.0,gebco_cascadia_margin_moderate,GEBCO Cascadia Margin,Full Geometry-Aware Hybrid GA,14,90.0,79,14196.912048543172,0.5111162409868467,98.33333333333333,0.08168579143636487,0.6565549039951293,1,0.1
120.0,gebco_cascadia_margin_moderate,GEBCO Cascadia Margin,Full Geometry-Aware Hybrid GA,15,90.0,79,14196.783585472707,0.5120164823520894,98.33333333333333,0.7039379189938698,0.6551571159943705,1,0.1
120.0,gebco_cascadia_margin_moderate,GEBCO Cascadia Margin,Full Geometry-Aware Hybrid GA,16,90.0,79,14196.943673820306,0.5108946178965696,98.33333333333333,0.0763839568138724,0.6554924259980908,1,0.1
120.0,gebco_cascadia_margin_moderate,GEBCO Cascadia Margin,Full Geometry-Aware Hybrid GA,17,90.0,79,14196.854319420225,0.5115207941729752,98.33333333333333,0.18998375894154582,0.6552060350077227,1,0.1
120.0,gebco_cascadia_margin_moderate,GEBCO Cascadia Margin,Full Geometry-Aware Hybrid GA,18,90.0,79,14196.910768727319,0.5111252096590633,98.33333333333333,0.2327372878180809,0.6554607770085568,1,0.1
120.0,gebco_cascadia_margin_moderate,GEBCO Cascadia Margin,Full Geometry-Aware Hybrid GA,19,90.0,79,14196.904119984623,0.5111718026073702,99.16666666666667,0.4150382546829165,0.6548986289999448,1,0.1
120.0,gebco_monterey_canyon_complex,GEBCO Monterey Canyon,Fixed-Spacing,0,0.0,69,6339.366078762451,0.0,99.33333333333333,0.6814814814814818,0.05222749800304882,1,0.1
120.0,gebco_monterey_canyon_complex,GEBCO Monterey Canyon,Adaptive Spacing w/o GA,0,75.0,72,6318.9976634614795,0.32130050620058165,100.0,0.0,1.0748043569910806,1,0.1
120.0,gebco_monterey_canyon_complex,GEBCO Monterey Canyon,Full Geometry-Aware Hybrid GA,0,75.0,72,6303.992972100309,0.5579912285022602,98.71666666666667,0.5301228303578929,0.6333238840015838,1,0.1
120.0,gebco_monterey_canyon_complex,GEBCO Monterey Canyon,Full Geometry-Aware Hybrid GA,1,75.0,72,6306.3417173505695,0.5209410688951509,99.1888888888889,0.7276126368290474,0.6317407019960228,1,0.1
120.0,gebco_monterey_canyon_complex,GEBCO Monterey Canyon,Full Geometry-Aware Hybrid GA,2,75.0,72,6308.755739126948,0.4828612081269574,99.78888888888889,0.25879971745992114,0.6361810999951558,1,0.1
120.0,gebco_monterey_canyon_complex,GEBCO Monterey Canyon,Full Geometry-Aware Hybrid GA,3,75.0,72,6299.438949952688,0.6298284136567461,99.34444444444445,0.49223736131684687,0.6337117180082714,1,0.1
120.0,gebco_monterey_canyon_complex,GEBCO Monterey Canyon,Full Geometry-Aware Hybrid GA,4,75.0,72,6301.897893303095,0.5910399398589519,99.03333333333333,0.7501273651846682,0.6340891110012308,1,0.1
120.0,gebco_monterey_canyon_complex,GEBCO Monterey Canyon,Full Geometry-Aware Hybrid GA,5,75.0,72,6302.311076192291,0.584522207895497,98.44444444444444,0.7433110909421412,0.6338044680014718,1,0.1
120.0,gebco_monterey_canyon_complex,GEBCO Monterey Canyon,Full Geometry-Aware Hybrid GA,6,75.0,72,6303.7076739458635,0.5624916493787483,99.55000000000001,0.6539755227353745,0.6379331560019637,1,0.1
120.0,gebco_monterey_canyon_complex,GEBCO Monterey Canyon,Full Geometry-Aware Hybrid GA,7,75.0,72,6307.217189452621,0.5071309798235588,99.69444444444444,0.3333105207950416,0.6362316400045529,1,0.1
120.0,gebco_monterey_canyon_complex,GEBCO Monterey Canyon,Full Geometry-Aware Hybrid GA,8,75.0,72,6303.432911506829,0.5668258751612678,99.47777777777777,0.4918978351995126,0.6332601720059756,1,0.1
120.0,gebco_monterey_canyon_complex,GEBCO Monterey Canyon,Full Geometry-Aware Hybrid GA,9,75.0,72,6303.581744305349,0.564478119933526,99.18333333333334,0.6604098164167796,0.6360505790071329,1,0.1
120.0,gebco_monterey_canyon_complex,GEBCO Monterey Canyon,Full Geometry-Aware Hybrid GA,10,75.0,72,6307.517111556698,0.5023998742153493,99.66111111111111,0.21613176057088998,0.6325770690018544,1,0.1
120.0,gebco_monterey_canyon_complex,GEBCO Monterey Canyon,Full Geometry-Aware Hybrid GA,11,75.0,72,6309.0702599786655,0.47789981533453274,99.62777777777778,0.18708644683382944,0.644753579996177,1,0.1
120.0,gebco_monterey_canyon_complex,GEBCO Monterey Canyon,Full Geometry-Aware Hybrid GA,12,75.0,72,6306.404214344464,0.519955213320351,98.9888888888889,0.5661981965612854,0.6350438020017464,1,0.1
120.0,gebco_monterey_canyon_complex,GEBCO Monterey Canyon,Full Geometry-Aware Hybrid GA,13,75.0,72,6309.824747676677,0.4659981884425397,99.40555555555555,0.10036788156095894,0.6326749779982492,1,0.1
120.0,gebco_monterey_canyon_complex,GEBCO Monterey Canyon,Full Geometry-Aware Hybrid GA,14,75.0,72,6303.032666396898,0.573139520799626,99.04444444444445,0.8690317003143273,0.6340075179905398,1,0.1
120.0,gebco_monterey_canyon_complex,GEBCO Monterey Canyon,Full Geometry-Aware Hybrid GA,15,75.0,72,6308.70739814226,0.48362376047190414,99.56666666666666,0.18244775278586872,0.6384342259989353,1,0.1
120.0,gebco_monterey_canyon_complex,GEBCO Monterey Canyon,Full Geometry-Aware Hybrid GA,16,75.0,72,6303.766072767375,0.5615704402107392,99.3111111111111,0.36413595979239594,0.631955899996683,1,0.1
120.0,gebco_monterey_canyon_complex,GEBCO Monterey Canyon,Full Geometry-Aware Hybrid GA,17,75.0,72,6308.888330902797,0.4807696460653691,99.75555555555556,0.029543461585549432,0.6344934149965411,1,0.1
120.0,gebco_monterey_canyon_complex,GEBCO Monterey Canyon,Full Geometry-Aware Hybrid GA,18,75.0,72,6310.155873919025,0.4607748547805677,99.67222222222222,0.2271550003222562,0.6332047909963876,1,0.1
120.0,gebco_monterey_canyon_complex,GEBCO Monterey Canyon,Full Geometry-Aware Hybrid GA,19,75.0,72,6304.093028836625,0.556412888727067,98.77777777777777,0.538068054219224,0.6328120620019035,1,0.1
120.0,gebco_cascadia_margin_moderate,GEBCO Cascadia Margin,Fixed-Spacing,0,0.0,117,15166.708910596337,0.0,100.0,0.7985185185185184,0.10228533799818251,1,0.15
120.0,gebco_cascadia_margin_moderate,GEBCO Cascadia Margin,Adaptive Spacing w/o GA,0,0.0,116,15038.223860078419,0.8471518196551613,99.33333333333333,0.0,1.3575814590003574,1,0.15
120.0,gebco_cascadia_margin_moderate,GEBCO Cascadia Margin,Full Geometry-Aware Hybrid GA,0,0.0,116,15038.15135329986,0.8476298849954156,99.33333333333333,0.01775494400183867,0.9211536219954723,1,0.15
120.0,gebco_cascadia_margin_moderate,GEBCO Cascadia Margin,Full Geometry-Aware Hybrid GA,1,0.0,116,15038.1321290773,0.8477566377581516,98.66666666666667,0.09615307101296582,0.9200637750036549,1,0.15
120.0,gebco_cascadia_margin_moderate,GEBCO Cascadia Margin,Full Geometry-Aware Hybrid GA,2,0.0,116,15038.186461415415,0.8473984035595818,98.66666666666667,0.12063838321477975,0.9111521099985112,1,0.15
120.0,gebco_cascadia_margin_moderate,GEBCO Cascadia Margin,Full Geometry-Aware Hybrid GA,3,0.0,116,15038.167326861114,0.8475245651046707,98.66666666666667,0.0358239719493603,0.9237160949996905,1,0.15
120.0,gebco_cascadia_margin_moderate,GEBCO Cascadia Margin,Full Geometry-Aware Hybrid GA,4,0.0,116,15038.223860078419,0.8471518196551613,99.33333333333333,0.0,0.9217656669934513,1,0.15
120.0,gebco_cascadia_margin_moderate,GEBCO Cascadia Margin,Full Geometry-Aware Hybrid GA,5,0.0,116,15037.952874807275,0.8489385307520815,98.66666666666667,0.032189008120580155,0.9133240709925303,1,0.15
120.0,gebco_cascadia_margin_moderate,GEBCO Cascadia Margin,Full Geometry-Aware Hybrid GA,6,0.0,116,15038.185303017603,0.8474060413260802,98.66666666666667,0.11202583806354253,0.9131354389974149,1,0.15
120.0,gebco_cascadia_margin_moderate,GEBCO Cascadia Margin,Full Geometry-Aware Hybrid GA,7,0.0,116,15038.11833208849,0.8478476066617582,98.66666666666667,0.4793535101948629,0.9241047449904727,1,0.15
120.0,gebco_cascadia_margin_moderate,GEBCO Cascadia Margin,Full Geometry-Aware Hybrid GA,8,0.0,116,15038.223860078419,0.8471518196551613,99.33333333333333,0.0,1.3489932520024013,1,0.15
120.0,gebco_cascadia_margin_moderate,GEBCO Cascadia Margin,Full Geometry-Aware Hybrid GA,9,0.0,116,15038.223860078419,0.8471518196551613,99.33333333333333,0.0,1.3275755760114407,1,0.15
120.0,gebco_cascadia_margin_moderate,GEBCO Cascadia Margin,Full Geometry-Aware Hybrid GA,10,0.0,116,15038.15656699938,0.847595509050372,98.66666666666667,0.12414591715352193,1.0230363739974564,1,0.15
120.0,gebco_cascadia_margin_moderate,GEBCO Cascadia Margin,Full Geometry-Aware Hybrid GA,11,0.0,116,15038.138430800414,0.8477150880511439,98.66666666666667,0.27074978347474526,0.924052157002734,1,0.15
120.0,gebco_cascadia_margin_moderate,GEBCO Cascadia Margin,Full Geometry-Aware Hybrid GA,12,0.0,116,15038.186954711995,0.8473951510637158,99.33333333333333,0.15391068844486547,0.9185540119942743,1,0.15
120.0,gebco_cascadia_margin_moderate,GEBCO Cascadia Margin,Full Geometry-Aware Hybrid GA,13,0.0,116,15038.223860078419,0.8471518196551613,99.33333333333333,0.0,0.9188320929970359,1,0.15
120.0,gebco_cascadia_margin_moderate,GEBCO Cascadia Margin,Full Geometry-Aware Hybrid GA,14,0.0,116,15038.032532372623,0.8484133174983879,98.66666666666667,0.22994991474349066,0.9098970079940045,1,0.15
120.0,gebco_cascadia_margin_moderate,GEBCO Cascadia Margin,Full Geometry-Aware Hybrid GA,15,0.0,116,15038.223860078419,0.8471518196551613,99.33333333333333,0.0,0.9214203509909566,1,0.15
120.0,gebco_cascadia_margin_moderate,GEBCO Cascadia Margin,Full Geometry-Aware Hybrid GA,16,0.0,116,15038.223860078419,0.8471518196551613,99.33333333333333,0.0,0.8677469910035143,1,0.15
120.0,gebco_cascadia_margin_moderate,GEBCO Cascadia Margin,Full Geometry-Aware Hybrid GA,17,0.0,116,15038.195937012899,0.8473359272666691,99.33333333333333,0.07733462461178231,0.9123719750059536,1,0.15
120.0,gebco_cascadia_margin_moderate,GEBCO Cascadia Margin,Full Geometry-Aware Hybrid GA,18,0.0,116,15038.038175310932,0.8483761114153632,98.66666666666667,0.28774862639890336,0.9682049539987929,1,0.15
120.0,gebco_cascadia_margin_moderate,GEBCO Cascadia Margin,Full Geometry-Aware Hybrid GA,19,0.0,116,15038.152762763526,0.8476205918542694,98.66666666666667,0.07262029135951134,0.9280635230097687,1,0.15
120.0,gebco_monterey_canyon_complex,GEBCO Monterey Canyon,Fixed-Spacing,0,0.0,73,6700.516576082014,0.0,99.33333333333333,0.8148148148148147,0.05144999899493996,1,0.15
120.0,gebco_monterey_canyon_complex,GEBCO Monterey Canyon,Adaptive Spacing w/o GA,0,90.0,59,6656.620000000046,0.6551222668213291,100.0,0.0,1.084956114005763,1,0.15
120.0,gebco_monterey_canyon_complex,GEBCO Monterey Canyon,Full Geometry-Aware Hybrid GA,0,90.0,59,6656.620000000046,0.6551222668213291,100.0,0.0,0.54079370200634,1,0.15
120.0,gebco_monterey_canyon_complex,GEBCO Monterey Canyon,Full Geometry-Aware Hybrid GA,1,90.0,59,6656.620000000046,0.6551222668213291,100.0,0.0,0.5403618450072827,1,0.15
120.0,gebco_monterey_canyon_complex,GEBCO Monterey Canyon,Full Geometry-Aware Hybrid GA,2,90.0,59,6656.620000000046,0.6551222668213291,100.0,0.0,0.5405362909950782,1,0.15
120.0,gebco_monterey_canyon_complex,GEBCO Monterey Canyon,Full Geometry-Aware Hybrid GA,3,90.0,59,6656.620000000046,0.6551222668213291,100.0,0.0,0.5397771919961087,1,0.15
120.0,gebco_monterey_canyon_complex,GEBCO Monterey Canyon,Full Geometry-Aware Hybrid GA,4,90.0,59,6656.547473748714,0.6562046647306382,99.16666666666667,0.007684744332857689,0.5407229140109848,1,0.15
120.0,gebco_monterey_canyon_complex,GEBCO Monterey Canyon,Full Geometry-Aware Hybrid GA,5,90.0,59,6656.486502297001,0.6571146162399114,100.0,0.12672119973036985,0.539424375994713,1,0.15
120.0,gebco_monterey_canyon_complex,GEBCO Monterey Canyon,Full Geometry-Aware Hybrid GA,6,90.0,59,6656.5778427912,0.655751430384579,100.0,0.1285949962071297,0.5375374379946152,1,0.15
120.0,gebco_monterey_canyon_complex,GEBCO Monterey Canyon,Full Geometry-Aware Hybrid GA,7,90.0,59,6656.6130217998125,0.6552264110340111,99.16666666666667,0.010865618508658546,0.5721630100015318,1,0.15
120.0,gebco_monterey_canyon_complex,GEBCO Monterey Canyon,Full Geometry-Aware Hybrid GA,8,90.0,59,6656.570548383389,0.6558602937494886,99.16666666666667,0.11610392836292133,0.5352975200075889,1,0.15
120.0,gebco_monterey_canyon_complex,GEBCO Monterey Canyon,Full Geometry-Aware Hybrid GA,9,90.0,59,6656.531270035214,0.6564464925556371,99.16666666666667,0.19888171260447932,0.5342123240116052,1,0.15
120.0,gebco_monterey_canyon_complex,GEBCO Monterey Canyon,Full Geometry-Aware Hybrid GA,10,90.0,59,6656.620000000046,0.6551222668213291,100.0,0.0,0.5338266040052986,1,0.15
120.0,gebco_monterey_canyon_complex,GEBCO Monterey Canyon,Full Geometry-Aware Hybrid GA,11,90.0,59,6656.60501858916,0.6553458527302096,99.16666666666667,0.020773690686440117,0.5347260260023177,1,0.15
120.0,gebco_monterey_canyon_complex,GEBCO Monterey Canyon,Full Geometry-Aware Hybrid GA,12,90.0,59,6656.612269000872,0.655237645972863,99.16666666666667,0.1539267079611943,0.5551492970116669,1,0.15
120.0,gebco_monterey_canyon_complex,GEBCO Monterey Canyon,Full Geometry-Aware Hybrid GA,13,90.0,59,6656.600344672867,0.6554156072967354,100.0,0.18360107655312105,0.5604720179981086,1,0.15
120.0,gebco_monterey_canyon_complex,GEBCO Monterey Canyon,Full Geometry-Aware Hybrid GA,14,90.0,59,6656.620000000046,0.6551222668213291,100.0,0.0,0.5609652629937045,1,0.15
120.0,gebco_monterey_canyon_complex,GEBCO Monterey Canyon,Full Geometry-Aware Hybrid GA,15,90.0,59,6656.512620779904,0.6567248181906612,99.16666666666667,0.08986579629008863,0.5459064030001173,1,0.15
120.0,gebco_monterey_canyon_complex,GEBCO Monterey Canyon,Full Geometry-Aware Hybrid GA,16,90.0,59,6656.457284226263,0.6575506732275433,99.16666666666667,0.1706374865906995,0.5334946069924626,1,0.15
120.0,gebco_monterey_canyon_complex,GEBCO Monterey Canyon,Full Geometry-Aware Hybrid GA,17,90.0,59,6656.584803088311,0.6556475533620886,100.0,0.023072209947898787,0.5331348200124921,1,0.15
120.0,gebco_monterey_canyon_complex,GEBCO Monterey Canyon,Full Geometry-Aware Hybrid GA,18,90.0,59,6656.4812904635055,0.6571923988024351,99.16666666666667,0.4644609658001306,0.5344487690017559,1,0.15
120.0,gebco_monterey_canyon_complex,GEBCO Monterey Canyon,Full Geometry-Aware Hybrid GA,19,90.0,59,6656.588120938868,0.6555980370222713,100.0,0.002071706937115577,0.5344376860011835,1,0.15
120.0,gebco_cascadia_margin_moderate,GEBCO Cascadia Margin,Fixed-Spacing,0,0.0,124,16063.570264221758,0.0,100.0,0.5985185185185184,0.10218591900775209,1,0.2
120.0,gebco_cascadia_margin_moderate,GEBCO Cascadia Margin,Adaptive Spacing w/o GA,0,90.0,89,15978.687999999942,0.5284146850645899,100.0,0.0,1.390707378013758,1,0.2
120.0,gebco_cascadia_margin_moderate,GEBCO Cascadia Margin,Full Geometry-Aware Hybrid GA,0,90.0,89,15978.687999999942,0.5284146850645899,100.0,0.0,0.717996994004352,1,0.2
120.0,gebco_cascadia_margin_moderate,GEBCO Cascadia Margin,Full Geometry-Aware Hybrid GA,1,90.0,89,15978.687999999942,0.5284146850645899,100.0,0.0,0.7169536629953654,1,0.2
120.0,gebco_cascadia_margin_moderate,GEBCO Cascadia Margin,Full Geometry-Aware Hybrid GA,2,90.0,89,15978.687999999942,0.5284146850645899,100.0,0.0,0.7576564060000237,1,0.2
120.0,gebco_cascadia_margin_moderate,GEBCO Cascadia Margin,Full Geometry-Aware Hybrid GA,3,90.0,89,15978.687999999942,0.5284146850645899,100.0,0.0,0.7560591549990932,1,0.2
120.0,gebco_cascadia_margin_moderate,GEBCO Cascadia Margin,Full Geometry-Aware Hybrid GA,4,90.0,89,15978.687999999942,0.5284146850645899,100.0,0.0,0.7171607950003818,1,0.2
120.0,gebco_cascadia_margin_moderate,GEBCO Cascadia Margin,Full Geometry-Aware Hybrid GA,5,90.0,89,15978.687999999942,0.5284146850645899,100.0,0.0,0.7641989510011626,1,0.2
120.0,gebco_cascadia_margin_moderate,GEBCO Cascadia Margin,Full Geometry-Aware Hybrid GA,6,90.0,89,15978.687999999942,0.5284146850645899,100.0,0.0,0.7664069910097169,1,0.2
120.0,gebco_cascadia_margin_moderate,GEBCO Cascadia Margin,Full Geometry-Aware Hybrid GA,7,90.0,89,15978.687999999942,0.5284146850645899,100.0,0.0,0.763904908002587,1,0.2
120.0,gebco_cascadia_margin_moderate,GEBCO Cascadia Margin,Full Geometry-Aware Hybrid GA,8,90.0,89,15978.687999999942,0.5284146850645899,100.0,0.0,0.7488447999930941,1,0.2
120.0,gebco_cascadia_margin_moderate,GEBCO Cascadia Margin,Full Geometry-Aware Hybrid GA,9,90.0,89,15978.687999999942,0.5284146850645899,100.0,0.0,0.7489035179896746,1,0.2
120.0,gebco_cascadia_margin_moderate,GEBCO Cascadia Margin,Full Geometry-Aware Hybrid GA,10,90.0,89,15978.687999999942,0.5284146850645899,100.0,0.0,0.757380134993582,1,0.2
120.0,gebco_cascadia_margin_moderate,GEBCO Cascadia Margin,Full Geometry-Aware Hybrid GA,11,90.0,89,15978.687999999942,0.5284146850645899,100.0,0.0,0.7584907010023016,1,0.2
120.0,gebco_cascadia_margin_moderate,GEBCO Cascadia Margin,Full Geometry-Aware Hybrid GA,12,90.0,89,15978.687999999942,0.5284146850645899,100.0,0.0,0.7561113419942558,1,0.2
120.0,gebco_cascadia_margin_moderate,GEBCO Cascadia Margin,Full Geometry-Aware Hybrid GA,13,90.0,89,15978.687999999942,0.5284146850645899,100.0,0.0,0.7572403939993819,1,0.2
120.0,gebco_cascadia_margin_moderate,GEBCO Cascadia Margin,Full Geometry-Aware Hybrid GA,14,90.0,89,15978.687999999942,0.5284146850645899,100.0,0.0,0.7573307999991812,1,0.2
120.0,gebco_cascadia_margin_moderate,GEBCO Cascadia Margin,Full Geometry-Aware Hybrid GA,15,90.0,89,15978.687999999942,0.5284146850645899,100.0,0.0,0.7637637769948924,1,0.2
120.0,gebco_cascadia_margin_moderate,GEBCO Cascadia Margin,Full Geometry-Aware Hybrid GA,16,90.0,89,15978.687999999942,0.5284146850645899,100.0,0.0,0.7625117000134196,1,0.2
120.0,gebco_cascadia_margin_moderate,GEBCO Cascadia Margin,Full Geometry-Aware Hybrid GA,17,90.0,89,15978.687999999942,0.5284146850645899,100.0,0.0,0.7629171470034635,1,0.2
120.0,gebco_cascadia_margin_moderate,GEBCO Cascadia Margin,Full Geometry-Aware Hybrid GA,18,90.0,89,15978.687999999942,0.5284146850645899,100.0,0.0,0.7688787569932174,1,0.2
120.0,gebco_cascadia_margin_moderate,GEBCO Cascadia Margin,Full Geometry-Aware Hybrid GA,19,90.0,89,15978.687999999942,0.5284146850645899,100.0,0.0,0.7259130379970884,1,0.2
120.0,gebco_monterey_canyon_complex,GEBCO Monterey Canyon,Fixed-Spacing,0,0.0,78,7151.954697731466,0.0,99.33333333333333,1.511111111111111,0.06058452800789382,1,0.2
120.0,gebco_monterey_canyon_complex,GEBCO Monterey Canyon,Adaptive Spacing w/o GA,0,0.0,77,7061.587073401576,1.2635374264682269,99.33333333333333,0.0,1.1205119819933316,1,0.2
120.0,gebco_monterey_canyon_complex,GEBCO Monterey Canyon,Full Geometry-Aware Hybrid GA,0,0.0,77,7061.587073401576,1.2635374264682269,99.33333333333333,0.0,0.6835458400018979,1,0.2
120.0,gebco_monterey_canyon_complex,GEBCO Monterey Canyon,Full Geometry-Aware Hybrid GA,1,0.0,77,7061.587073401576,1.2635374264682269,99.33333333333333,0.0,0.6991282969975146,1,0.2
120.0,gebco_monterey_canyon_complex,GEBCO Monterey Canyon,Full Geometry-Aware Hybrid GA,2,0.0,77,7061.587073401576,1.2635374264682269,99.33333333333333,0.0,0.6888461659982568,1,0.2
120.0,gebco_monterey_canyon_complex,GEBCO Monterey Canyon,Full Geometry-Aware Hybrid GA,3,0.0,77,7061.587073401576,1.2635374264682269,99.33333333333333,0.0,0.6931057679903461,1,0.2
120.0,gebco_monterey_canyon_complex,GEBCO Monterey Canyon,Full Geometry-Aware Hybrid GA,4,0.0,77,7061.587073401576,1.2635374264682269,99.33333333333333,0.0,0.6948512689996278,1,0.2
120.0,gebco_monterey_canyon_complex,GEBCO Monterey Canyon,Full Geometry-Aware Hybrid GA,5,0.0,77,7061.587073401576,1.2635374264682269,99.33333333333333,0.0,0.6687940480042016,1,0.2
120.0,gebco_monterey_canyon_complex,GEBCO Monterey Canyon,Full Geometry-Aware Hybrid GA,6,0.0,77,7061.587073401576,1.2635374264682269,99.33333333333333,0.0,0.6574079919955693,1,0.2
120.0,gebco_monterey_canyon_complex,GEBCO Monterey Canyon,Full Geometry-Aware Hybrid GA,7,0.0,77,7061.587073401576,1.2635374264682269,99.33333333333333,0.0,0.6939930529915728,1,0.2
120.0,gebco_monterey_canyon_complex,GEBCO Monterey Canyon,Full Geometry-Aware Hybrid GA,8,0.0,77,7061.587073401576,1.2635374264682269,99.33333333333333,0.0,0.6570593729993561,1,0.2
120.0,gebco_monterey_canyon_complex,GEBCO Monterey Canyon,Full Geometry-Aware Hybrid GA,9,0.0,77,7061.587073401576,1.2635374264682269,99.33333333333333,0.0,0.7020166729926132,1,0.2
120.0,gebco_monterey_canyon_complex,GEBCO Monterey Canyon,Full Geometry-Aware Hybrid GA,10,0.0,77,7061.587073401576,1.2635374264682269,99.33333333333333,0.0,0.6999512079928536,1,0.2
120.0,gebco_monterey_canyon_complex,GEBCO Monterey Canyon,Full Geometry-Aware Hybrid GA,11,0.0,77,7061.587073401576,1.2635374264682269,99.33333333333333,0.0,0.6988296499912394,1,0.2
120.0,gebco_monterey_canyon_complex,GEBCO Monterey Canyon,Full Geometry-Aware Hybrid GA,12,0.0,77,7061.587073401576,1.2635374264682269,99.33333333333333,0.0,0.6975773619924439,1,0.2
120.0,gebco_monterey_canyon_complex,GEBCO Monterey Canyon,Full Geometry-Aware Hybrid GA,13,0.0,77,7061.587073401576,1.2635374264682269,99.33333333333333,0.0,0.7034630859998288,1,0.2
120.0,gebco_monterey_canyon_complex,GEBCO Monterey Canyon,Full Geometry-Aware Hybrid GA,14,0.0,77,7061.587073401576,1.2635374264682269,99.33333333333333,0.0,0.6972266600059811,1,0.2
120.0,gebco_monterey_canyon_complex,GEBCO Monterey Canyon,Full Geometry-Aware Hybrid GA,15,0.0,77,7061.587073401576,1.2635374264682269,99.33333333333333,0.0,0.6631493890017737,1,0.2
120.0,gebco_monterey_canyon_complex,GEBCO Monterey Canyon,Full Geometry-Aware Hybrid GA,16,0.0,77,7061.587073401576,1.2635374264682269,99.33333333333333,0.0,0.6635159199940972,1,0.2
120.0,gebco_monterey_canyon_complex,GEBCO Monterey Canyon,Full Geometry-Aware Hybrid GA,17,0.0,77,7061.587073401576,1.2635374264682269,99.33333333333333,0.0,0.65958931199566,1,0.2
120.0,gebco_monterey_canyon_complex,GEBCO Monterey Canyon,Full Geometry-Aware Hybrid GA,18,0.0,77,7061.587073401576,1.2635374264682269,99.33333333333333,0.0,0.6945046559994807,1,0.2
120.0,gebco_monterey_canyon_complex,GEBCO Monterey Canyon,Full Geometry-Aware Hybrid GA,19,0.0,77,7061.587073401576,1.2635374264682269,99.33333333333333,0.0,0.688739043995156,1,0.2
