scene_id,scene_name,method,seed,orientation_deg,line_count,path_length_km,coverage_pct,uncovered_pct,excess_overlap_pct,feasible_97_3,uncovered_component_count,largest_uncovered_patch_cells,largest_uncovered_patch_pct,coverage_count_0_cells,coverage_count_1_cells,coverage_count_2_cells,coverage_count_ge3_cells,coverage_count_hist_capped_5,cell_excess_overlap_p95,cell_excess_overlap_p99,cell_excess_overlap_max,cell_excess_overlap_nonzero_pct,pass_coverage_95,pass_coverage_97,pass_coverage_98,pass_coverage_99,pass_coverage_99.5,pass_overlap_1,pass_overlap_2,pass_overlap_3,pass_overlap_5,pass_C95_O1,pass_C95_O2,pass_C95_O3,pass_C95_O5,pass_C97_O1,pass_C97_O2,pass_C97_O3,pass_C97_O5,pass_C98_O1,pass_C98_O2,pass_C98_O3,pass_C98_O5,pass_C99_O1,pass_C99_O2,pass_C99_O3,pass_C99_O5,pass_C99.5_O1,pass_C99.5_O2,pass_C99.5_O3,pass_C99.5_O5
gebco_cascadia_margin_moderate,GEBCO Cascadia Margin,Fixed-Spacing,0,0.0,117,15166.70891059631,100.0,0.0,0.7985185185185184,1,0,0,0.0,0,14520,3480,0,"{""1"": 14520, ""2"": 3480}",0.0,59.88888888888888,59.88888888888888,1.3333333333333335,1,1,1,1,1,1,1,1,1,1,1,1,1,1,1,1,1,1,1,1,1,1,1,1,1,1,1,1,1
gebco_cascadia_margin_moderate,GEBCO Cascadia Margin,Adaptive Spacing w/o GA,0,0.0,116,15038.223860078393,99.33333333333333,0.6666666666666714,0.0,1,1,120,0.6666666666666666,120,14520,3360,0,"{""0"": 120, ""1"": 14520, ""2"": 3360}",0.0,0.0,0.0,0.0,1,1,1,1,0,1,1,1,1,1,1,1,1,1,1,1,1,1,1,1,1,1,1,1,1,0,0,0,0
gebco_cascadia_margin_moderate,GEBCO Cascadia Margin,Full Geometry-Aware Hybrid GA,0,0.0,116,15038.151353299834,99.33333333333333,0.6666666666666714,0.017754944001838673,1,1,120,0.6666666666666666,120,14640,3240,0,"{""0"": 120, ""1"": 14640, ""2"": 3240}",0.0,0.7294021564658693,1.1266358510604035,4.0,1,1,1,1,0,1,1,1,1,1,1,1,1,1,1,1,1,1,1,1,1,1,1,1,1,0,0,0,0
gebco_cascadia_margin_moderate,GEBCO Cascadia Margin,Full Geometry-Aware Hybrid GA,1,0.0,116,15038.132129077272,98.66666666666667,1.3333333333333286,0.09615307101296579,1,2,120,0.6666666666666666,240,14160,3600,0,"{""0"": 240, ""1"": 14160, ""2"": 3600}",0.20983920846548432,4.089546829771678,4.508106896944813,5.333333333333334,1,1,1,0,0,1,1,1,1,1,1,1,1,1,1,1,1,1,1,1,1,0,0,0,0,0,0,0,0
gebco_cascadia_margin_moderate,GEBCO Cascadia Margin,Full Geometry-Aware Hybrid GA,2,0.0,116,15038.186461415387,98.66666666666667,1.3333333333333286,0.12063838321477975,1,2,120,0.6666666666666666,240,14640,3120,0,"{""0"": 240, ""1"": 14640, ""2"": 3120}",0.0,3.3786282378953034,4.016719361666926,4.666666666666667,1,1,1,0,0,1,1,1,1,1,1,1,1,1,1,1,1,1,1,1,1,0,0,0,0,0,0,0,0
gebco_cascadia_margin_moderate,GEBCO Cascadia Margin,Full Geometry-Aware Hybrid GA,3,0.0,116,15038.167326861087,98.66666666666667,1.3333333333333286,0.0358239719493603,1,2,120,0.6666666666666666,240,14760,3000,0,"{""0"": 240, ""1"": 14760, ""2"": 3000}",0.0,2.307412172661211,2.307412172661211,2.0,1,1,1,0,0,1,1,1,1,1,1,1,1,1,1,1,1,1,1,1,1,0,0,0,0,0,0,0,0
gebco_cascadia_margin_moderate,GEBCO Cascadia Margin,Full Geometry-Aware Hybrid GA,4,0.0,116,15038.223860078393,99.33333333333333,0.6666666666666714,0.0,1,1,120,0.6666666666666666,120,14520,3360,0,"{""0"": 120, ""1"": 14520, ""2"": 3360}",0.0,0.0,0.0,0.0,1,1,1,1,0,1,1,1,1,1,1,1,1,1,1,1,1,1,1,1,1,1,1,1,1,0,0,0,0
gebco_cascadia_margin_moderate,GEBCO Cascadia Margin,Full Geometry-Aware Hybrid GA,5,0.0,116,15037.95287480725,98.66666666666667,1.3333333333333286,0.032189008120580155,1,2,120,0.6666666666666666,240,14040,3720,0,"{""0"": 240, ""1"": 14040, ""2"": 3720}",0.046837031461305356,1.2825291613165313,1.6807679389603425,5.333333333333334,1,1,1,0,0,1,1,1,1,1,1,1,1,1,1,1,1,1,1,1,1,0,0,0,0,0,0,0,0
gebco_cascadia_margin_moderate,GEBCO Cascadia Margin,Full Geometry-Aware Hybrid GA,6,0.0,116,15038.185303017577,98.66666666666667,1.3333333333333286,0.11202583806354252,1,2,120,0.6666666666666666,240,14880,2880,0,"{""0"": 240, ""1"": 14880, ""2"": 2880}",0.04870513733233328,4.617703412737079,5.110996621132164,5.333333333333334,1,1,1,0,0,1,1,1,1,1,1,1,1,1,1,1,1,1,1,1,1,0,0,0,0,0,0,0,0
gebco_cascadia_margin_moderate,GEBCO Cascadia Margin,Full Geometry-Aware Hybrid GA,7,0.0,116,15038.118332088465,98.66666666666667,1.3333333333333286,0.4793535101948629,1,2,120,0.6666666666666666,240,14640,3120,0,"{""0"": 240, ""1"": 14640, ""2"": 3120}",3.896463732259786,5.735339857836758,7.945904167702084,15.333333333333332,1,1,1,0,0,1,1,1,1,1,1,1,1,1,1,1,1,1,1,1,1,0,0,0,0,0,0,0,0
gebco_cascadia_margin_moderate,GEBCO Cascadia Margin,Full Geometry-Aware Hybrid GA,8,0.0,116,15038.223860078393,99.33333333333333,0.6666666666666714,0.0,1,1,120,0.6666666666666666,120,14520,3360,0,"{""0"": 120, ""1"": 14520, ""2"": 3360}",0.0,0.0,0.0,0.0,1,1,1,1,0,1,1,1,1,1,1,1,1,1,1,1,1,1,1,1,1,1,1,1,1,0,0,0,0
gebco_cascadia_margin_moderate,GEBCO Cascadia Margin,Full Geometry-Aware Hybrid GA,9,0.0,116,15038.223860078393,99.33333333333333,0.6666666666666714,0.0,1,1,120,0.6666666666666666,120,14520,3360,0,"{""0"": 120, ""1"": 14520, ""2"": 3360}",0.0,0.0,0.0,0.0,1,1,1,1,0,1,1,1,1,1,1,1,1,1,1,1,1,1,1,1,1,1,1,1,1,0,0,0,0
gebco_cascadia_margin_moderate,GEBCO Cascadia Margin,Full Geometry-Aware Hybrid GA,10,0.0,116,15038.156566999354,98.66666666666667,1.3333333333333286,0.1241459171535219,1,2,120,0.6666666666666666,240,14760,3000,0,"{""0"": 240, ""1"": 14760, ""2"": 3000}",0.0,5.174348749690077,6.175328497242943,4.666666666666667,1,1,1,0,0,1,1,1,1,1,1,1,1,1,1,1,1,1,1,1,1,0,0,0,0,0,0,0,0
gebco_cascadia_margin_moderate,GEBCO Cascadia Margin,Full Geometry-Aware Hybrid GA,11,0.0,116,15038.138430800387,98.66666666666667,1.3333333333333286,0.27074978347474526,1,2,120,0.6666666666666666,240,14640,3120,0,"{""0"": 240, ""1"": 14640, ""2"": 3120}",1.6673029556736274,4.5848032321539165,13.155789810808422,9.333333333333334,1,1,1,0,0,1,1,1,1,1,1,1,1,1,1,1,1,1,1,1,1,0,0,0,0,0,0,0,0
gebco_cascadia_margin_moderate,GEBCO Cascadia Margin,Full Geometry-Aware Hybrid GA,12,0.0,116,15038.186954711968,99.33333333333333,0.6666666666666714,0.15391068844486552,1,1,120,0.6666666666666666,120,14400,3480,0,"{""0"": 120, ""1"": 14400, ""2"": 3480}",0.0,6.004598350118257,12.15752704192618,4.0,1,1,1,1,0,1,1,1,1,1,1,1,1,1,1,1,1,1,1,1,1,1,1,1,1,0,0,0,0
gebco_cascadia_margin_moderate,GEBCO Cascadia Margin,Full Geometry-Aware Hybrid GA,13,0.0,116,15038.223860078393,99.33333333333333,0.6666666666666714,0.0,1,1,120,0.6666666666666666,120,14520,3360,0,"{""0"": 120, ""1"": 14520, ""2"": 3360}",0.0,0.0,0.0,0.0,1,1,1,1,0,1,1,1,1,1,1,1,1,1,1,1,1,1,1,1,1,1,1,1,1,0,0,0,0
gebco_cascadia_margin_moderate,GEBCO Cascadia Margin,Full Geometry-Aware Hybrid GA,14,0.0,116,15038.032532372597,98.66666666666667,1.3333333333333286,0.2299499147434906,1,2,120,0.6666666666666666,240,14520,3240,0,"{""0"": 240, ""1"": 14520, ""2"": 3240}",1.8163168321528589,4.830845810148782,8.48385734584412,8.666666666666668,1,1,1,0,0,1,1,1,1,1,1,1,1,1,1,1,1,1,1,1,1,0,0,0,0,0,0,0,0
gebco_cascadia_margin_moderate,GEBCO Cascadia Margin,Full Geometry-Aware Hybrid GA,15,0.0,116,15038.223860078393,99.33333333333333,0.6666666666666714,0.0,1,1,120,0.6666666666666666,120,14520,3360,0,"{""0"": 120, ""1"": 14520, ""2"": 3360}",0.0,0.0,0.0,0.0,1,1,1,1,0,1,1,1,1,1,1,1,1,1,1,1,1,1,1,1,1,1,1,1,1,0,0,0,0
gebco_cascadia_margin_moderate,GEBCO Cascadia Margin,Full Geometry-Aware Hybrid GA,16,0.0,116,15038.223860078393,99.33333333333333,0.6666666666666714,0.0,1,1,120,0.6666666666666666,120,14520,3360,0,"{""0"": 120, ""1"": 14520, ""2"": 3360}",0.0,0.0,0.0,0.0,1,1,1,1,0,1,1,1,1,1,1,1,1,1,1,1,1,1,1,1,1,1,1,1,1,0,0,0,0
gebco_cascadia_margin_moderate,GEBCO Cascadia Margin,Full Geometry-Aware Hybrid GA,17,0.0,116,15038.195937012873,99.33333333333333,0.6666666666666714,0.07733462461178231,1,1,120,0.6666666666666666,120,14880,3000,0,"{""0"": 120, ""1"": 14880, ""2"": 3000}",0.0,2.6997163139094447,5.925945886021106,2.666666666666667,1,1,1,1,0,1,1,1,1,1,1,1,1,1,1,1,1,1,1,1,1,1,1,1,1,0,0,0,0
gebco_cascadia_margin_moderate,GEBCO Cascadia Margin,Full Geometry-Aware Hybrid GA,18,0.0,116,15038.038175310907,98.66666666666667,1.3333333333333286,0.28774862639887644,1,2,120,0.6666666666666666,240,14640,3120,0,"{""0"": 240, ""1"": 14640, ""2"": 3120}",1.8152919677348944,6.044116927943027,11.075342577895858,10.666666666666668,1,1,1,0,0,1,1,1,1,1,1,1,1,1,1,1,1,1,1,1,1,0,0,0,0,0,0,0,0
gebco_cascadia_margin_moderate,GEBCO Cascadia Margin,Full Geometry-Aware Hybrid GA,19,0.0,116,15038.1527627635,98.66666666666667,1.3333333333333286,0.07262029135950054,1,2,120,0.6666666666666666,240,14400,3360,0,"{""0"": 240, ""1"": 14400, ""2"": 3360}",0.0,2.7740631841556453,4.825598813968907,4.666666666666667,1,1,1,0,0,1,1,1,1,1,1,1,1,1,1,1,1,1,1,1,1,0,0,0,0,0,0,0,0
gebco_monterey_canyon_complex,GEBCO Monterey Canyon,Fixed-Spacing,0,0.0,73,6700.516576082025,99.33333333333333,0.6666666666666714,0.8148148148148147,1,1,120,0.6666666666666666,120,15240,2640,0,"{""0"": 120, ""1"": 15240, ""2"": 2640}",0.0,30.555555555555554,30.555555555555554,2.666666666666667,1,1,1,1,0,1,1,1,1,1,1,1,1,1,1,1,1,1,1,1,1,1,1,1,1,0,0,0,0
gebco_monterey_canyon_complex,GEBCO Monterey Canyon,Adaptive Spacing w/o GA,0,90.0,59,6656.620000000051,100.0,0.0,0.0,1,0,0,0.0,0,15000,3000,0,"{""1"": 15000, ""2"": 3000}",0.0,0.0,0.0,0.0,1,1,1,1,1,1,1,1,1,1,1,1,1,1,1,1,1,1,1,1,1,1,1,1,1,1,1,1,1
gebco_monterey_canyon_complex,GEBCO Monterey Canyon,Full Geometry-Aware Hybrid GA,0,90.0,59,6656.620000000051,100.0,0.0,0.0,1,0,0,0.0,0,15000,3000,0,"{""1"": 15000, ""2"": 3000}",0.0,0.0,0.0,0.0,1,1,1,1,1,1,1,1,1,1,1,1,1,1,1,1,1,1,1,1,1,1,1,1,1,1,1,1,1
gebco_monterey_canyon_complex,GEBCO Monterey Canyon,Full Geometry-Aware Hybrid GA,1,90.0,59,6656.620000000051,100.0,0.0,0.0,1,0,0,0.0,0,15000,3000,0,"{""1"": 15000, ""2"": 3000}",0.0,0.0,0.0,0.0,1,1,1,1,1,1,1,1,1,1,1,1,1,1,1,1,1,1,1,1,1,1,1,1,1,1,1,1,1
gebco_monterey_canyon_complex,GEBCO Monterey Canyon,Full Geometry-Aware Hybrid GA,2,90.0,59,6656.620000000051,100.0,0.0,0.0,1,0,0,0.0,0,15000,3000,0,"{""1"": 15000, ""2"": 3000}",0.0,0.0,0.0,0.0,1,1,1,1,1,1,1,1,1,1,1,1,1,1,1,1,1,1,1,1,1,1,1,1,1,1,1,1,1
gebco_monterey_canyon_complex,GEBCO Monterey Canyon,Full Geometry-Aware Hybrid GA,3,90.0,59,6656.620000000051,100.0,0.0,0.0,1,0,0,0.0,0,15000,3000,0,"{""1"": 15000, ""2"": 3000}",0.0,0.0,0.0,0.0,1,1,1,1,1,1,1,1,1,1,1,1,1,1,1,1,1,1,1,1,1,1,1,1,1,1,1,1,1
gebco_monterey_canyon_complex,GEBCO Monterey Canyon,Full Geometry-Aware Hybrid GA,4,90.0,59,6656.547473748718,99.16666666666667,0.8333333333333286,0.007684744332857689,1,1,150,0.8333333333333334,150,14550,3300,0,"{""0"": 150, ""1"": 14550, ""2"": 3300}",0.0064676312759492675,0.1912578445988189,0.1912578445988189,5.0,1,1,1,1,0,1,1,1,1,1,1,1,1,1,1,1,1,1,1,1,1,1,1,1,1,0,0,0,0
gebco_monterey_canyon_complex,GEBCO Monterey Canyon,Full Geometry-Aware Hybrid GA,5,90.0,59,6656.486502297005,100.0,0.0,0.12672119973036983,1,0,0,0.0,0,15300,2700,0,"{""1"": 15300, ""2"": 2700}",0.3296878465193702,4.014877132078659,4.014877132078659,6.666666666666667,1,1,1,1,1,1,1,1,1,1,1,1,1,1,1,1,1,1,1,1,1,1,1,1,1,1,1,1,1
gebco_monterey_canyon_complex,GEBCO Monterey Canyon,Full Geometry-Aware Hybrid GA,6,90.0,59,6656.577842791205,100.0,0.0,0.12859499620712966,1,0,0,0.0,0,15150,2850,0,"{""1"": 15150, ""2"": 2850}",0.5676953171569146,3.1258848946255133,3.1258848946255133,8.333333333333332,1,1,1,1,1,1,1,1,1,1,1,1,1,1,1,1,1,1,1,1,1,1,1,1,1,1,1,1,1
gebco_monterey_canyon_complex,GEBCO Monterey Canyon,Full Geometry-Aware Hybrid GA,7,90.0,59,6656.613021799817,99.16666666666667,0.8333333333333286,0.010865618508658545,1,1,150,0.8333333333333334,150,14400,3450,0,"{""0"": 150, ""1"": 14400, ""2"": 3450}",0.0,0.6519371105195126,0.6519371105195126,1.6666666666666667,1,1,1,1,0,1,1,1,1,1,1,1,1,1,1,1,1,1,1,1,1,1,1,1,1,0,0,0,0
gebco_monterey_canyon_complex,GEBCO Monterey Canyon,Full Geometry-Aware Hybrid GA,8,90.0,59,6656.5705483833935,99.16666666666667,0.8333333333333286,0.11610392836292135,1,1,150,0.8333333333333334,150,14550,3300,0,"{""0"": 150, ""1"": 14550, ""2"": 3300}",0.8975121994232331,2.8796640437544205,2.8796640437544205,6.666666666666667,1,1,1,1,0,1,1,1,1,1,1,1,1,1,1,1,1,1,1,1,1,1,1,1,1,0,0,0,0
gebco_monterey_canyon_complex,GEBCO Monterey Canyon,Full Geometry-Aware Hybrid GA,9,90.0,59,6656.531270035219,99.16666666666667,0.8333333333333286,0.19888171260447932,1,1,150,0.8333333333333334,150,15000,2850,0,"{""0"": 150, ""1"": 15000, ""2"": 2850}",0.1982724791429728,6.7866562947989815,6.7866562947989815,6.666666666666667,1,1,1,1,0,1,1,1,1,1,1,1,1,1,1,1,1,1,1,1,1,1,1,1,1,0,0,0,0
gebco_monterey_canyon_complex,GEBCO Monterey Canyon,Full Geometry-Aware Hybrid GA,10,90.0,59,6656.620000000051,100.0,0.0,0.0,1,0,0,0.0,0,15000,3000,0,"{""1"": 15000, ""2"": 3000}",0.0,0.0,0.0,0.0,1,1,1,1,1,1,1,1,1,1,1,1,1,1,1,1,1,1,1,1,1,1,1,1,1,1,1,1,1
gebco_monterey_canyon_complex,GEBCO Monterey Canyon,Full Geometry-Aware Hybrid GA,11,90.0,59,6656.605018589165,99.16666666666667,0.8333333333333286,0.020773690686440117,1,1,150,0.8333333333333334,150,15150,2700,0,"{""0"": 150, ""1"": 15150, ""2"": 2700}",0.0,1.042609394732913,1.042609394732913,3.3333333333333335,1,1,1,1,0,1,1,1,1,1,1,1,1,1,1,1,1,1,1,1,1,1,1,1,1,0,0,0,0
gebco_monterey_canyon_complex,GEBCO Monterey Canyon,Full Geometry-Aware Hybrid GA,12,90.0,59,6656.612269000877,99.16666666666667,0.8333333333333286,0.1539267079611943,1,1,150,0.8333333333333334,150,14850,3000,0,"{""0"": 150, ""1"": 14850, ""2"": 3000}",0.8275367040777304,3.253056477625144,4.282889348073487,7.5,1,1,1,1,0,1,1,1,1,1,1,1,1,1,1,1,1,1,1,1,1,1,1,1,1,0,0,0,0
gebco_monterey_canyon_complex,GEBCO Monterey Canyon,Full Geometry-Aware Hybrid GA,13,90.0,59,6656.600344672872,100.0,0.0,0.18360107655310753,1,0,0,0.0,0,15150,2850,0,"{""1"": 15150, ""2"": 2850}",0.010832758123740807,6.830387495549478,6.830387495549478,5.0,1,1,1,1,1,1,1,1,1,1,1,1,1,1,1,1,1,1,1,1,1,1,1,1,1,1,1,1,1
gebco_monterey_canyon_complex,GEBCO Monterey Canyon,Full Geometry-Aware Hybrid GA,14,90.0,59,6656.620000000051,100.0,0.0,0.0,1,0,0,0.0,0,15000,3000,0,"{""1"": 15000, ""2"": 3000}",0.0,0.0,0.0,0.0,1,1,1,1,1,1,1,1,1,1,1,1,1,1,1,1,1,1,1,1,1,1,1,1,1,1,1,1,1
gebco_monterey_canyon_complex,GEBCO Monterey Canyon,Full Geometry-Aware Hybrid GA,15,90.0,59,6656.5126207799085,99.16666666666667,0.8333333333333286,0.08986579629006744,1,1,150,0.8333333333333334,150,14700,3150,0,"{""0"": 150, ""1"": 14700, ""2"": 3150}",0.27267789548553084,2.64516725332406,2.64516725332406,5.833333333333333,1,1,1,1,0,1,1,1,1,1,1,1,1,1,1,1,1,1,1,1,1,1,1,1,1,0,0,0,0
gebco_monterey_canyon_complex,GEBCO Monterey Canyon,Full Geometry-Aware Hybrid GA,16,90.0,59,6656.457284226268,99.16666666666667,0.8333333333333286,0.1706374865906993,1,1,150,0.8333333333333334,150,15150,2700,0,"{""0"": 150, ""1"": 15150, ""2"": 2700}",0.04309458682937861,6.768817120913201,6.768817120913201,5.833333333333333,1,1,1,1,0,1,1,1,1,1,1,1,1,1,1,1,1,1,1,1,1,1,1,1,1,0,0,0,0
gebco_monterey_canyon_complex,GEBCO Monterey Canyon,Full Geometry-Aware Hybrid GA,17,90.0,59,6656.584803088315,100.0,0.0,0.023072209947898787,1,0,0,0.0,0,15000,3000,0,"{""1"": 15000, ""2"": 3000}",0.0,1.090425243288945,1.090425243288945,3.3333333333333335,1,1,1,1,1,1,1,1,1,1,1,1,1,1,1,1,1,1,1,1,1,1,1,1,1,1,1,1,1
gebco_monterey_canyon_complex,GEBCO Monterey Canyon,Full Geometry-Aware Hybrid GA,18,90.0,59,6656.48129046351,99.16666666666667,0.8333333333333286,0.46446096580011725,1,1,150,0.8333333333333334,150,14550,3300,0,"{""0"": 150, ""1"": 14550, ""2"": 3300}",2.8258287565106945,13.35082362756414,13.35082362756414,11.666666666666666,1,1,1,1,0,1,1,1,1,1,1,1,1,1,1,1,1,1,1,1,1,1,1,1,1,0,0,0,0
gebco_monterey_canyon_complex,GEBCO Monterey Canyon,Full Geometry-Aware Hybrid GA,19,90.0,59,6656.588120938873,100.0,0.0,0.002071706937115577,1,0,0,0.0,0,15000,3000,0,"{""1"": 15000, ""2"": 3000}",0.0,0.12430241622693461,0.12430241622693461,1.6666666666666667,1,1,1,1,1,1,1,1,1,1,1,1,1,1,1,1,1,1,1,1,1,1,1,1,1,1,1,1,1
usgs_southern_cascadia_30m_high,USGS Cascadia 30 m High,Fixed-Spacing,0,0.0,12,97.254304852,97.2,2.799999999999997,29.960005980349994,0,27,119,0.6611111111111111,504,3874,11092,2530,"{""0"": 504, ""1"": 3874, ""2"": 11092, ""3"": 2530}",50.78458509093466,58.44599509191463,58.83910627777773,90.66111111111111,1,1,0,0,0,0,0,0,0,0,0,0,0,0,0,0,0,0,0,0,0,0,0,0,0,0,0,0,0
usgs_southern_cascadia_30m_high,USGS Cascadia 30 m High,Adaptive Spacing w/o GA,0,135.0,12,73.89166194729708,98.55000000000001,1.4499999999999886,2.2372345564469054,1,27,105,0.5833333333333334,261,12687,4973,79,"{""0"": 261, ""1"": 12687, ""2"": 4973, ""3"": 79}",14.696108985466857,25.257333950103504,40.6688307346485,31.34444444444445,1,1,1,0,0,0,0,1,1,0,0,1,1,0,0,1,1,0,0,1,1,0,0,0,0,0,0,0,0
usgs_southern_cascadia_30m_high,USGS Cascadia 30 m High,Full Geometry-Aware Hybrid GA,0,135.0,12,72.8691042136253,98.55000000000001,1.4499999999999886,1.5733972802907423,1,29,91,0.5055555555555555,261,13209,4465,65,"{""0"": 261, ""1"": 13209, ""2"": 4465, ""3"": 65}",12.239724960150454,24.355960109718485,42.99431299647515,31.127777777777776,1,1,1,0,0,0,1,1,1,0,1,1,1,0,1,1,1,0,1,1,1,0,0,0,0,0,0,0,0
usgs_southern_cascadia_30m_high,USGS Cascadia 30 m High,Full Geometry-Aware Hybrid GA,1,135.0,12,72.82287786481395,98.36111111111111,1.6388888888888857,1.6199860002956463,1,27,105,0.5833333333333334,295,13182,4469,54,"{""0"": 295, ""1"": 13182, ""2"": 4469, ""3"": 54}",14.575084283534187,26.298753844111516,40.143020485271435,19.07222222222222,1,1,1,0,0,0,1,1,1,0,1,1,1,0,1,1,1,0,1,1,1,0,0,0,0,0,0,0,0
usgs_southern_cascadia_30m_high,USGS Cascadia 30 m High,Full Geometry-Aware Hybrid GA,2,135.0,12,72.80812097767209,98.56111111111112,1.4388888888888829,1.7080085212686391,1,24,91,0.5055555555555555,259,13139,4506,96,"{""0"": 259, ""1"": 13139, ""2"": 4506, ""3"": 96}",13.481183837949727,25.02426452538596,44.38167325648131,31.33888888888889,1,1,1,0,0,0,1,1,1,0,1,1,1,0,1,1,1,0,1,1,1,0,0,0,0,0,0,0,0
usgs_southern_cascadia_30m_high,USGS Cascadia 30 m High,Full Geometry-Aware Hybrid GA,3,135.0,12,72.89191814761692,98.47777777777777,1.5222222222222257,1.6277879701442524,1,26,105,0.5833333333333334,274,13064,4593,69,"{""0"": 274, ""1"": 13064, ""2"": 4593, ""3"": 69}",12.81235195505123,25.803194565520744,42.23021375520198,30.916666666666664,1,1,1,0,0,0,1,1,1,0,1,1,1,0,1,1,1,0,1,1,1,0,0,0,0,0,0,0,0
usgs_southern_cascadia_30m_high,USGS Cascadia 30 m High,Full Geometry-Aware Hybrid GA,4,135.0,12,72.8274563288153,98.30555555555556,1.6944444444444429,1.7791855028587769,1,37,91,0.5055555555555555,305,13227,4352,116,"{""0"": 305, ""1"": 13227, ""2"": 4352, ""3"": 116}",14.695581341138372,29.44962106233106,43.27899571324572,20.566666666666666,1,1,1,0,0,0,1,1,1,0,1,1,1,0,1,1,1,0,1,1,1,0,0,0,0,0,0,0,0
usgs_southern_cascadia_30m_high,USGS Cascadia 30 m High,Full Geometry-Aware Hybrid GA,5,135.0,12,72.95644847296327,98.50555555555556,1.49444444444444,1.736070561734954,1,30,91,0.5055555555555555,269,13106,4535,90,"{""0"": 269, ""1"": 13106, ""2"": 4535, ""3"": 90}",14.447403557859262,25.851340054115298,43.11765810329537,25.372222222222224,1,1,1,0,0,0,1,1,1,0,1,1,1,0,1,1,1,0,1,1,1,0,0,0,0,0,0,0,0
usgs_southern_cascadia_30m_high,USGS Cascadia 30 m High,Full Geometry-Aware Hybrid GA,6,135.0,12,72.93477107272396,98.19444444444444,1.8055555555555571,1.770516194005536,1,28,120,0.6666666666666666,325,13050,4479,146,"{""0"": 325, ""1"": 13050, ""2"": 4479, ""3"": 146}",14.607145932587388,30.296391936469973,44.18318409392809,20.155555555555555,1,1,1,0,0,0,1,1,1,0,1,1,1,0,1,1,1,0,1,1,1,0,0,0,0,0,0,0,0
usgs_southern_cascadia_30m_high,USGS Cascadia 30 m High,Full Geometry-Aware Hybrid GA,7,135.0,12,72.83345975790567,98.35000000000001,1.6499999999999915,1.8400067095661061,1,30,105,0.5833333333333334,297,13043,4619,41,"{""0"": 297, ""1"": 13043, ""2"": 4619, ""3"": 41}",13.944343615623133,23.673894772396626,42.49757094193329,20.594444444444445,1,1,1,0,0,0,1,1,1,0,1,1,1,0,1,1,1,0,1,1,1,0,0,0,0,0,0,0,0
usgs_southern_cascadia_30m_high,USGS Cascadia 30 m High,Full Geometry-Aware Hybrid GA,8,135.0,12,72.05220703025746,98.53888888888889,1.4611111111111086,1.4185772851411391,1,24,91,0.5055555555555555,263,13275,4435,27,"{""0"": 263, ""1"": 13275, ""2"": 4435, ""3"": 27}",11.841266140753115,21.452334651687472,41.46360911374783,28.76666666666667,1,1,1,0,0,0,1,1,1,0,1,1,1,0,1,1,1,0,1,1,1,0,0,0,0,0,0,0,0
usgs_southern_cascadia_30m_high,USGS Cascadia 30 m High,Full Geometry-Aware Hybrid GA,9,135.0,12,73.29008914467052,98.6,1.4000000000000057,1.893664716167038,1,33,78,0.43333333333333335,252,12992,4691,65,"{""0"": 252, ""1"": 12992, ""2"": 4691, ""3"": 65}",14.519761378676368,25.848948738097228,40.31333201316667,19.927777777777777,1,1,1,0,0,0,1,1,1,0,1,1,1,0,1,1,1,0,1,1,1,0,0,0,0,0,0,0,0
usgs_southern_cascadia_30m_high,USGS Cascadia 30 m High,Full Geometry-Aware Hybrid GA,10,135.0,12,72.61834453794481,98.35555555555555,1.6444444444444457,1.681630963814628,1,35,82,0.45555555555555555,296,13195,4430,79,"{""0"": 296, ""1"": 13195, ""2"": 4430, ""3"": 79}",15.692434342440253,24.15769657929448,42.86212423153028,20.150000000000002,1,1,1,0,0,0,1,1,1,0,1,1,1,0,1,1,1,0,1,1,1,0,0,0,0,0,0,0,0
usgs_southern_cascadia_30m_high,USGS Cascadia 30 m High,Full Geometry-Aware Hybrid GA,11,135.0,12,72.81315520307494,98.39444444444445,1.6055555555555543,1.9875495407912183,1,32,105,0.5833333333333334,289,13004,4640,67,"{""0"": 289, ""1"": 13004, ""2"": 4640, ""3"": 67}",16.680838340392018,32.80317994970074,35.86543316360526,19.52777777777778,1,1,1,0,0,0,1,1,1,0,1,1,1,0,1,1,1,0,1,1,1,0,0,0,0,0,0,0,0
usgs_southern_cascadia_30m_high,USGS Cascadia 30 m High,Full Geometry-Aware Hybrid GA,12,135.0,12,72.83533779034457,98.48333333333333,1.5166666666666657,1.5408598141880474,1,30,91,0.5055555555555555,273,13204,4482,41,"{""0"": 273, ""1"": 13204, ""2"": 4482, ""3"": 41}",12.929100822998757,26.862259946429827,39.05699440128662,23.522222222222222,1,1,1,0,0,0,1,1,1,0,1,1,1,0,1,1,1,0,1,1,1,0,0,0,0,0,0,0,0
usgs_southern_cascadia_30m_high,USGS Cascadia 30 m High,Full Geometry-Aware Hybrid GA,13,135.0,12,73.1180153002585,98.43888888888888,1.5611111111111171,1.6062124674236713,1,31,105,0.5833333333333334,281,13020,4624,75,"{""0"": 281, ""1"": 13020, ""2"": 4624, ""3"": 75}",13.809039797060233,24.9263830694969,43.23538369399295,31.377777777777776,1,1,1,0,0,0,1,1,1,0,1,1,1,0,1,1,1,0,1,1,1,0,0,0,0,0,0,0,0
usgs_southern_cascadia_30m_high,USGS Cascadia 30 m High,Full Geometry-Aware Hybrid GA,14,135.0,12,72.95418637617745,98.34444444444445,1.6555555555555515,1.8043885549914942,1,25,120,0.6666666666666666,298,12919,4740,43,"{""0"": 298, ""1"": 12919, ""2"": 4740, ""3"": 43}",12.819131678419476,25.44927850146627,39.84949066305004,19.244444444444444,1,1,1,0,0,0,1,1,1,0,1,1,1,0,1,1,1,0,1,1,1,0,0,0,0,0,0,0,0
usgs_southern_cascadia_30m_high,USGS Cascadia 30 m High,Full Geometry-Aware Hybrid GA,15,135.0,12,73.1571030444804,98.42222222222222,1.5777777777777828,2.0223229190098486,1,24,105,0.5833333333333334,284,12888,4717,111,"{""0"": 284, ""1"": 12888, ""2"": 4717, ""3"": 111}",16.407484543059105,29.380621701614977,41.551184779208796,19.944444444444446,1,1,1,0,0,0,0,1,1,0,0,1,1,0,0,1,1,0,0,1,1,0,0,0,0,0,0,0,0
usgs_southern_cascadia_30m_high,USGS Cascadia 30 m High,Full Geometry-Aware Hybrid GA,16,135.0,12,72.86601720047472,98.57777777777777,1.4222222222222314,1.6849787312957163,1,29,91,0.5055555555555555,256,13117,4554,73,"{""0"": 256, ""1"": 13117, ""2"": 4554, ""3"": 73}",12.9147593253376,26.08383584046214,42.230205139523704,31.41111111111111,1,1,1,0,0,0,1,1,1,0,1,1,1,0,1,1,1,0,1,1,1,0,0,0,0,0,0,0,0
usgs_southern_cascadia_30m_high,USGS Cascadia 30 m High,Full Geometry-Aware Hybrid GA,17,135.0,12,73.00941769395924,98.42777777777778,1.5722222222222229,1.720388523343908,1,33,105,0.5833333333333334,283,13091,4577,49,"{""0"": 283, ""1"": 13091, ""2"": 4577, ""3"": 49}",13.19300776895103,22.243552268811168,44.644078457649,20.622222222222224,1,1,1,0,0,0,1,1,1,0,1,1,1,0,1,1,1,0,1,1,1,0,0,0,0,0,0,0,0
usgs_southern_cascadia_30m_high,USGS Cascadia 30 m High,Full Geometry-Aware Hybrid GA,18,135.0,12,73.37333893638746,98.47222222222223,1.5277777777777715,1.8978835703264179,1,31,105,0.5833333333333334,275,12906,4733,86,"{""0"": 275, ""1"": 12906, ""2"": 4733, ""3"": 86}",14.422663197881182,25.723579198543373,42.69002475437153,32.233333333333334,1,1,1,0,0,0,1,1,1,0,1,1,1,0,1,1,1,0,1,1,1,0,0,0,0,0,0,0,0
usgs_southern_cascadia_30m_high,USGS Cascadia 30 m High,Full Geometry-Aware Hybrid GA,19,135.0,12,73.03307620106013,98.40555555555555,1.5944444444444485,1.7226591781908376,1,29,120,0.6666666666666666,287,13033,4614,66,"{""0"": 287, ""1"": 13033, ""2"": 4614, ""3"": 66}",13.090666341098583,24.886521936336464,42.15508561872724,19.555555555555557,1,1,1,0,0,0,1,1,1,0,1,1,1,0,1,1,1,0,1,1,1,0,0,0,0,0,0,0,0
