scene_id,scene_name,rank,source,target_overlap,quantile,orientation_deg,line_count,path_length_km,nominal_coverage_pct,nominal_excess_overlap_pct,stress_min_coverage_pct,stress_max_excess_overlap_pct,deterministic_score
gebco_cascadia_margin_moderate,GEBCO Cascadia Margin,1,hybrid_reference,,,0.0,116,15038.151353299834,99.33333333333333,0.017754944001838673,97.86666666666667,0.01069107557121988,751.9075676649918
gebco_cascadia_margin_moderate,GEBCO Cascadia Margin,2,uncertainty_margin_reference,,,0.0,116,15038.223860078393,99.33333333333333,0.0,98.06666666666666,0.0,751.9111930039197
gebco_cascadia_margin_moderate,GEBCO Cascadia Margin,3,margin_grid,0.125,0.22,90.0,81,14553.071999999964,99.16666666666667,0.0,96.66666666666667,0.0,1553.7535999999948
gebco_cascadia_margin_moderate,GEBCO Cascadia Margin,4,margin_grid,0.1,0.22,90.0,79,14197.207999999964,100.0,0.0,95.82222222222222,0.0,3107.4604000000004
gebco_cascadia_margin_moderate,GEBCO Cascadia Margin,5,margin_grid,0.075,0.22,90.0,77,13841.163999999964,100.0,0.0,93.35555555555555,0.0,7884.858200000003
gebco_cascadia_margin_moderate,GEBCO Cascadia Margin,6,margin_grid,0.05,0.22,90.0,75,13484.939999999964,100.0,0.0,90.84444444444445,0.0,12748.646999999994
gebco_monterey_canyon_complex,GEBCO Monterey Canyon,1,uncertainty_margin_reference,,,75.0,72,6318.997663461488,100.0,0.0,98.51111111111112,0.035555555555555556,315.9498831730744
gebco_monterey_canyon_complex,GEBCO Monterey Canyon,2,hybrid_reference,,,90.0,59,6656.620000000051,100.0,0.0,97.24444444444444,0.0,660.4310000000055
gebco_monterey_canyon_complex,GEBCO Monterey Canyon,3,margin_grid,0.125,0.22,90.0,57,6433.44000000005,99.16666666666667,0.0,96.66666666666667,0.0,1138.5719999999974
gebco_monterey_canyon_complex,GEBCO Monterey Canyon,4,margin_grid,0.075,0.22,90.0,54,6099.525000000047,99.16666666666667,0.0,93.15555555555555,0.0,7756.976250000007
gebco_monterey_canyon_complex,GEBCO Monterey Canyon,5,margin_grid,0.05,0.22,0.0,65,5978.135581442896,99.33333333333333,0.0,91.53333333333333,0.0,11098.90677907215
usgs_southern_cascadia_30m_high,USGS Cascadia 30 m High,1,margin_grid,0.15,0.3,135.0,13,76.26423550353944,99.10555555555555,2.765075846052384,98.11111111111111,2.5950047593563768,7.677265079968391
usgs_southern_cascadia_30m_high,USGS Cascadia 30 m High,2,margin_grid,0.15,0.34,135.0,13,75.19337839839079,99.05000000000001,2.256083506443756,97.71111111111111,2.2568967217914575,29.0369122039855
usgs_southern_cascadia_30m_high,USGS Cascadia 30 m High,3,margin_grid,0.125,0.26,135.0,13,77.10510062215036,99.3,3.7538281978788564,98.46666666666667,3.682568469975438,192.2635925549714
usgs_southern_cascadia_30m_high,USGS Cascadia 30 m High,4,margin_grid,0.075,0.26,135.0,12,73.9579838543255,99.25555555555555,2.259606722753441,97.17777777777778,2.139894894934503,374.49789919271666
usgs_southern_cascadia_30m_high,USGS Cascadia 30 m High,5,margin_grid,0.15,0.26,135.0,13,78.59910962928994,99.36666666666667,4.4663083877717575,98.86666666666667,4.404213630913276,376.23825499054516
usgs_southern_cascadia_30m_high,USGS Cascadia 30 m High,6,margin_grid,0.1,0.26,135.0,12,73.98539741728227,98.98333333333333,2.3558302240986873,97.15555555555555,2.228229007494428,388.89926987086676
usgs_southern_cascadia_30m_high,USGS Cascadia 30 m High,7,margin_grid,0.075,0.22,135.0,12,74.59107812641739,99.25555555555555,2.912208174820343,97.17777777777778,2.7982160076046503,392.5625336477724
usgs_southern_cascadia_30m_high,USGS Cascadia 30 m High,8,margin_grid,0.075,0.3,135.0,12,73.17902779304256,99.12777777777778,1.7808628634754171,97.08888888888889,1.782096663277646,432.05895138965235
usgs_southern_cascadia_30m_high,USGS Cascadia 30 m High,9,margin_grid,0.125,0.22,135.0,13,78.44881267805758,99.38333333333334,4.6607329868195375,98.71111111111112,4.546489102554774,440.8292204108533
usgs_southern_cascadia_30m_high,USGS Cascadia 30 m High,10,margin_grid,0.05,0.26,135.0,12,73.14453394770378,99.11666666666666,1.7950463837160515,97.06666666666666,1.7421689635915707,446.4572266973876
usgs_southern_cascadia_30m_high,USGS Cascadia 30 m High,11,margin_grid,0.1,0.22,135.0,12,73.37941694252596,98.63333333333333,2.128421699818817,96.55555555555554,2.141248771936671,1090.8689708471352
usgs_southern_cascadia_30m_high,USGS Cascadia 30 m High,12,uncertainty_margin_reference,,,135.0,12,72.41194694973566,98.69444444444444,1.7552931729886398,96.62222222222222,1.7530881111904604,1112.4205973474898
usgs_southern_cascadia_30m_high,USGS Cascadia 30 m High,13,margin_grid,0.15,0.22,120.0,12,79.93424879380943,99.18333333333334,5.840669589335687,98.33333333333333,5.74256327702227,1218.6618557519296
usgs_southern_cascadia_30m_high,USGS Cascadia 30 m High,14,current_margin_reference,,,135.0,12,72.11489383660428,98.82777777777778,1.4173866266534898,96.4888888888889,1.3165367838857582,1328.4057446918303
usgs_southern_cascadia_30m_high,USGS Cascadia 30 m High,15,margin_grid,0.125,0.3,135.0,12,72.83427794557268,98.6,1.7099656827218273,96.37777777777778,1.6386773119080114,1522.8417138972766
usgs_southern_cascadia_30m_high,USGS Cascadia 30 m High,16,hybrid_reference,,,135.0,12,72.8691042136253,98.55000000000001,1.5733972802907423,96.28888888888889,1.5135224955180742,1551.6434552106793
usgs_southern_cascadia_30m_high,USGS Cascadia 30 m High,17,margin_grid,0.125,0.34,135.0,12,71.83801186703813,98.62222222222222,1.594294445698195,96.11111111111111,1.6187853994495414,1738.7919005933513
usgs_southern_cascadia_30m_high,USGS Cascadia 30 m High,18,margin_grid,0.05,0.3,135.0,12,71.92889253032074,98.86111111111111,1.568176918703822,95.84444444444445,1.508342291538769,1911.5964446265107
usgs_southern_cascadia_30m_high,USGS Cascadia 30 m High,19,margin_grid,0.15,0.38,135.0,12,72.11640911593807,98.65,1.4462526323105815,95.86666666666666,1.4577738677568266,2098.805820455807
usgs_southern_cascadia_30m_high,USGS Cascadia 30 m High,20,margin_grid,0.125,0.38,135.0,12,71.45974390631308,98.9,1.2387218945799165,95.77777777777777,1.1835745302107814,2185.172987195325
usgs_southern_cascadia_30m_high,USGS Cascadia 30 m High,21,margin_grid,0.05,0.22,150.0,12,73.67165520949035,98.53333333333333,2.6082527211784594,95.6888888888889,2.5423787962763846,3506.1582252787643
usgs_southern_cascadia_30m_high,USGS Cascadia 30 m High,22,margin_grid,0.075,0.34,135.0,12,70.39274065069696,98.6,0.9308757943893551,95.17777777777778,0.8767621239713866,3946.8196370325322
usgs_southern_cascadia_30m_high,USGS Cascadia 30 m High,23,margin_grid,0.1,0.38,135.0,12,70.9289285138403,98.58888888888889,1.0723447560122388,94.91111111111111,1.0745640879748155,4175.246446425684
usgs_southern_cascadia_30m_high,USGS Cascadia 30 m High,24,margin_grid,0.05,0.34,135.0,11,68.38571767928426,98.03333333333333,0.9356498246204428,93.22222222222221,0.8582726155303001,6188.8192858839675
usgs_southern_cascadia_30m_high,USGS Cascadia 30 m High,25,margin_grid,0.075,0.38,135.0,11,68.12449267610137,97.78888888888889,0.6891461604645794,93.06666666666666,0.7003431093415996,6938.3173357449205
usgs_southern_cascadia_30m_high,USGS Cascadia 30 m High,26,margin_grid,0.05,0.38,135.0,11,68.00932077049171,98.11666666666666,0.9439859023874734,92.71111111111111,0.8846257820010259,7443.200466038537
