scene_id,scene_name,method,method_label,scenario,n_mc,orientation_deg,line_count,path_length_km,path_gain_vs_fixed_pct,path_cost_vs_hybrid_pct,nominal_coverage_pct,nominal_excess_overlap_pct,coverage_pct_mean,coverage_pct_p05,coverage_pct_p50,coverage_pct_p95,excess_overlap_pct_mean,excess_overlap_pct_p50,excess_overlap_pct_p95,feasible_rate,selected_target_overlap,selected_quantile,selected_used_ga_cleanup,selected_selection_score,selected_base_coverage_pct,selected_base_excess_overlap_pct
gebco_cascadia_margin_moderate,GEBCO Cascadia Margin,Fixed-Spacing,Fixed,nominal,1,0.0,117,15166.70891059631,0.0,0.854876070044779,100.0,0.7985185185185184,100.0,100.0,100.0,100.0,0.7985185185185184,0.7985185185185184,0.7985185185185184,1.0,,,,,,
gebco_cascadia_margin_moderate,GEBCO Cascadia Margin,Fixed-Spacing,Fixed,moderate_noise,300,0.0,117,15166.70891059631,0.0,0.854876070044779,100.0,0.7985185185185184,99.22742592592593,98.8,99.2611111111111,99.58361111111111,1.588827515675174,1.4873845297392898,2.6609232932242626,0.98,,,,,,
gebco_cascadia_margin_moderate,GEBCO Cascadia Margin,Fixed-Spacing,Fixed,strong_noise,300,0.0,117,15166.70891059631,0.0,0.854876070044779,100.0,0.7985185185185184,97.77357407407408,95.09138888888889,98.09722222222221,99.2113888888889,3.4711694293542066,3.269930770368255,6.222130670995282,0.22,,,,,,
gebco_cascadia_margin_moderate,GEBCO Cascadia Margin,Adaptive Spacing w/o GA,Adaptive,nominal,1,0.0,116,15038.223860078393,0.8471518196551509,0.00048215220644728924,99.33333333333333,0.0,99.33333333333333,99.33333333333333,99.33333333333333,99.33333333333333,0.0,0.0,0.0,1.0,,,,,,
gebco_cascadia_margin_moderate,GEBCO Cascadia Margin,Adaptive Spacing w/o GA,Adaptive,moderate_noise,300,0.0,116,15038.223860078393,0.8471518196551509,0.00048215220644728924,99.33333333333333,0.0,98.96746296296297,98.57166666666667,98.99444444444444,99.33333333333333,0.726014163233854,0.6487542888717805,1.7152150409376292,0.9966666666666667,,,,,,
gebco_cascadia_margin_moderate,GEBCO Cascadia Margin,Adaptive Spacing w/o GA,Adaptive,strong_noise,300,0.0,116,15038.223860078393,0.8471518196551509,0.00048215220644728924,99.33333333333333,0.0,97.41666666666667,94.60416666666667,97.8,98.9675,2.576124777750021,2.3704402346431417,5.402430435356005,0.4,,,,,,
gebco_cascadia_margin_moderate,GEBCO Cascadia Margin,Full Geometry-Aware Hybrid GA,Hybrid,nominal,1,0.0,116,15038.151353299834,0.847629884995405,0.0,99.33333333333333,0.017754944001838673,99.33333333333333,99.33333333333333,99.33333333333333,99.33333333333333,0.017754944001838673,0.017754944001838673,0.017754944001838673,1.0,,,,,,
gebco_cascadia_margin_moderate,GEBCO Cascadia Margin,Full Geometry-Aware Hybrid GA,Hybrid,moderate_noise,300,0.0,116,15038.151353299834,0.847629884995405,0.0,99.33333333333333,0.017754944001838673,98.89635185185185,98.34416666666667,98.91111111111111,99.30583333333334,0.8780612520444019,0.8031680814722677,1.8896913801968416,0.9966666666666667,,,,,,
gebco_cascadia_margin_moderate,GEBCO Cascadia Margin,Full Geometry-Aware Hybrid GA,Hybrid,strong_noise,300,0.0,116,15038.151353299834,0.847629884995405,0.0,99.33333333333333,0.017754944001838673,97.31598148148147,94.52138888888888,97.74166666666667,98.97805555555556,2.6668600562906946,2.4985350762541616,5.513851092222462,0.35,,,,,,
gebco_cascadia_margin_moderate,GEBCO Cascadia Margin,Uncertainty-Aware Margin Hybrid,UA-Hybrid,nominal,1,0.0,116,15038.223860078393,0.8471518196551509,0.00048215220644728924,99.33333333333333,0.0,99.33333333333333,99.33333333333333,99.33333333333333,99.33333333333333,0.0,0.0,0.0,1.0,0.15,0.18,1,79.20753715722608,99.33333333333333,0.0
gebco_cascadia_margin_moderate,GEBCO Cascadia Margin,Uncertainty-Aware Margin Hybrid,UA-Hybrid,moderate_noise,300,0.0,116,15038.223860078393,0.8471518196551509,0.00048215220644728924,99.33333333333333,0.0,98.96746296296297,98.57166666666667,98.99444444444444,99.33333333333333,0.726014163233854,0.6487542888717805,1.7152150409376292,0.9966666666666667,0.15,0.18,1,79.20753715722608,99.33333333333333,0.0
gebco_cascadia_margin_moderate,GEBCO Cascadia Margin,Uncertainty-Aware Margin Hybrid,UA-Hybrid,strong_noise,300,0.0,116,15038.223860078393,0.8471518196551509,0.00048215220644728924,99.33333333333333,0.0,97.41666666666667,94.60416666666667,97.8,98.9675,2.576124777750021,2.3704402346431417,5.402430435356005,0.4,0.15,0.18,1,79.20753715722608,99.33333333333333,0.0
gebco_monterey_canyon_complex,GEBCO Monterey Canyon,Fixed-Spacing,Fixed,nominal,1,0.0,73,6700.516576082025,0.0,0.6594424209579851,99.33333333333333,0.8148148148148147,99.33333333333333,99.33333333333333,99.33333333333333,99.33333333333333,0.8148148148148147,0.8148148148148147,0.8148148148148147,1.0,,,,,,
gebco_monterey_canyon_complex,GEBCO Monterey Canyon,Fixed-Spacing,Fixed,moderate_noise,300,0.0,73,6700.516576082025,0.0,0.6594424209579851,99.33333333333333,0.8148148148148147,99.19514814814815,98.68833333333335,99.2388888888889,99.66194444444444,1.4946320834462157,1.417572214634832,2.4784206455649236,0.9933333333333333,,,,,,
gebco_monterey_canyon_complex,GEBCO Monterey Canyon,Fixed-Spacing,Fixed,strong_noise,300,0.0,73,6700.516576082025,0.0,0.6594424209579851,99.33333333333333,0.8148148148148147,97.6730925925926,95.1763888888889,97.83333333333334,99.25555555555555,3.368977119838936,3.094774089458553,6.636885952332554,0.27,,,,,,
gebco_monterey_canyon_complex,GEBCO Monterey Canyon,Adaptive Spacing w/o GA,Adaptive,nominal,1,90.0,59,6656.620000000051,0.6551222668214232,0.0,100.0,0.0,100.0,100.0,100.0,100.0,0.0,0.0,0.0,1.0,,,,,,
gebco_monterey_canyon_complex,GEBCO Monterey Canyon,Adaptive Spacing w/o GA,Adaptive,moderate_noise,300,90.0,59,6656.620000000051,0.6551222668214232,0.0,100.0,0.0,99.15562962962962,98.47722222222222,99.16666666666667,99.885,0.7359321574414768,0.6299636684391183,1.6756115063647856,0.9966666666666667,,,,,,
gebco_monterey_canyon_complex,GEBCO Monterey Canyon,Adaptive Spacing w/o GA,Adaptive,strong_noise,300,90.0,59,6656.620000000051,0.6551222668214232,0.0,100.0,0.0,97.26462962962964,94.4625,97.60555555555555,99.14027777777777,2.5790934103480274,2.353416920709815,5.041429683059454,0.35333333333333333,,,,,,
gebco_monterey_canyon_complex,GEBCO Monterey Canyon,Full Geometry-Aware Hybrid GA,Hybrid,nominal,1,90.0,59,6656.620000000051,0.6551222668214232,0.0,100.0,0.0,100.0,100.0,100.0,100.0,0.0,0.0,0.0,1.0,,,,,,
gebco_monterey_canyon_complex,GEBCO Monterey Canyon,Full Geometry-Aware Hybrid GA,Hybrid,moderate_noise,300,90.0,59,6656.620000000051,0.6551222668214232,0.0,100.0,0.0,99.15562962962962,98.47722222222222,99.16666666666667,99.885,0.7359321574414768,0.6299636684391183,1.6756115063647856,0.9966666666666667,,,,,,
gebco_monterey_canyon_complex,GEBCO Monterey Canyon,Full Geometry-Aware Hybrid GA,Hybrid,strong_noise,300,90.0,59,6656.620000000051,0.6551222668214232,0.0,100.0,0.0,97.26462962962964,94.4625,97.60555555555555,99.14027777777777,2.5790934103480274,2.353416920709815,5.041429683059454,0.35333333333333333,,,,,,
gebco_monterey_canyon_complex,GEBCO Monterey Canyon,Uncertainty-Aware Margin Hybrid,UA-Hybrid,nominal,1,75.0,72,6318.997663461488,5.693873125878026,-5.071978519707607,100.0,0.0,100.0,100.0,100.0,100.0,0.0,0.0,0.0,1.0,0.1,0.18,0,38.45746602145438,100.0,0.0
gebco_monterey_canyon_complex,GEBCO Monterey Canyon,Uncertainty-Aware Margin Hybrid,UA-Hybrid,moderate_noise,300,75.0,72,6318.997663461488,5.693873125878026,-5.071978519707607,100.0,0.0,99.62503703703703,98.91083333333333,99.76666666666667,99.97777777777777,0.20660448822901156,0.1646464542601947,0.5748810471007063,0.9966666666666667,0.1,0.18,0,38.45746602145438,100.0,0.0
gebco_monterey_canyon_complex,GEBCO Monterey Canyon,Uncertainty-Aware Margin Hybrid,UA-Hybrid,strong_noise,300,75.0,72,6318.997663461488,5.693873125878026,-5.071978519707607,100.0,0.0,97.2641111111111,93.80666666666667,97.71111111111111,99.43916666666667,1.5724333406880073,1.35335452539768,3.2544859034693325,0.58,0.1,0.18,0,38.45746602145438,100.0,0.0
usgs_southern_cascadia_30m_high,USGS Cascadia 30 m High,Fixed-Spacing,Fixed,nominal,1,0.0,12,97.254304852,0.0,33.46438919694455,97.2,29.960005980349994,97.2,97.2,97.2,97.2,29.960005980349994,29.960005980349994,29.960005980349994,0.0,,,,,,
usgs_southern_cascadia_30m_high,USGS Cascadia 30 m High,Fixed-Spacing,Fixed,moderate_noise,300,0.0,12,97.254304852,0.0,33.46438919694455,97.2,29.960005980349994,97.06524074074075,96.42138888888888,97.08333333333333,97.70666666666668,29.67000392352072,29.65006971541469,32.26591289619794,0.0,,,,,,
usgs_southern_cascadia_30m_high,USGS Cascadia 30 m High,Fixed-Spacing,Fixed,strong_noise,300,0.0,12,97.254304852,0.0,33.46438919694455,97.2,29.960005980349994,96.68690740740742,95.17611111111111,96.78611111111111,97.99583333333332,29.234544310503516,29.46062928975413,34.125071727265855,0.0,,,,,,
usgs_southern_cascadia_30m_high,USGS Cascadia 30 m High,Adaptive Spacing w/o GA,Adaptive,nominal,1,135.0,12,73.89166194729708,24.02221982898938,1.4032802306365852,98.55000000000001,2.2372345564469054,98.55000000000001,98.55000000000001,98.55000000000001,98.55000000000001,2.2372345564469054,2.2372345564469054,2.2372345564469054,1.0,,,,,,
usgs_southern_cascadia_30m_high,USGS Cascadia 30 m High,Adaptive Spacing w/o GA,Adaptive,moderate_noise,300,135.0,12,73.89166194729708,24.02221982898938,1.4032802306365852,98.55000000000001,2.2372345564469054,98.39244444444445,97.81611111111111,98.44166666666666,98.80611111111111,2.721540673692399,2.6029953493908637,4.182693194713453,0.6766666666666666,,,,,,
usgs_southern_cascadia_30m_high,USGS Cascadia 30 m High,Adaptive Spacing w/o GA,Adaptive,strong_noise,300,135.0,12,73.89166194729708,24.02221982898938,1.4032802306365852,98.55000000000001,2.2372345564469054,97.87285185185186,96.13138888888889,98.05,99.0,3.4793101991056363,3.25052503617592,6.767279189553223,0.3433333333333333,,,,,,
usgs_southern_cascadia_30m_high,USGS Cascadia 30 m High,Full Geometry-Aware Hybrid GA,Hybrid,nominal,1,135.0,12,72.8691042136253,25.073646534704757,0.0,98.55000000000001,1.5733972802907423,98.55000000000001,98.55000000000001,98.55000000000001,98.55000000000001,1.5733972802907423,1.5733972802907423,1.5733972802907423,1.0,,,,,,
usgs_southern_cascadia_30m_high,USGS Cascadia 30 m High,Full Geometry-Aware Hybrid GA,Hybrid,moderate_noise,300,135.0,12,72.8691042136253,25.073646534704757,0.0,98.55000000000001,1.5733972802907423,98.36127777777777,97.68861111111111,98.38333333333334,98.81777777777778,2.093096946030144,1.9704121872642513,3.5226606589459615,0.8633333333333333,,,,,,
usgs_southern_cascadia_30m_high,USGS Cascadia 30 m High,Full Geometry-Aware Hybrid GA,Hybrid,strong_noise,300,135.0,12,72.8691042136253,25.073646534704757,0.0,98.55000000000001,1.5733972802907423,97.78674074074074,95.97555555555556,98.0,98.9675,2.865989716780039,2.578698780304523,5.829471437549507,0.44,,,,,,
usgs_southern_cascadia_30m_high,USGS Cascadia 30 m High,Uncertainty-Aware Margin Hybrid,UA-Hybrid,nominal,1,135.0,12,72.41194694973566,25.543710317059006,-0.6273677559551507,98.69444444444444,1.7552931729886398,98.69444444444444,98.69444444444444,98.69444444444444,98.69444444444444,1.7552931729886398,1.7552931729886398,1.7552931729886398,1.0,0.1,0.34,0,71.5178341920877,98.69444444444444,1.7552931729886398
usgs_southern_cascadia_30m_high,USGS Cascadia 30 m High,Uncertainty-Aware Margin Hybrid,UA-Hybrid,moderate_noise,300,135.0,12,72.41194694973566,25.543710317059006,-0.6273677559551507,98.69444444444444,1.7552931729886398,98.52259259259259,97.81666666666666,98.60555555555555,99.07833333333333,1.9661366273141823,1.9220777230531225,2.9802870060004483,0.9533333333333334,0.1,0.34,0,71.5178341920877,98.69444444444444,1.7552931729886398
usgs_southern_cascadia_30m_high,USGS Cascadia 30 m High,Uncertainty-Aware Margin Hybrid,UA-Hybrid,strong_noise,300,135.0,12,72.41194694973566,25.543710317059006,-0.6273677559551507,98.69444444444444,1.7552931729886398,97.67651851851852,94.88805555555555,98.05277777777778,99.1061111111111,2.577317649142197,2.348371943206071,4.922242033638475,0.4666666666666667,0.1,0.34,0,71.5178341920877,98.69444444444444,1.7552931729886398
