scene_id,scene_label,seed,candidate_idx,orientation_deg,line_count,stride_score,full_score,stride_ga_fitness,full_ga_fitness,stride_coverage_pct,full_coverage_pct,stride_excess_overlap_pct,full_excess_overlap_pct,full_feasible_97_3,is_base_layout
gebco_cascadia_margin_moderate,GEBCO Cascadia,0,0,0.0,116,15038.223860078393,15038.223860078393,15038.223860078393,15038.223860078393,100.0,99.33333333333333,0.0,0.0,1,1
gebco_cascadia_margin_moderate,GEBCO Cascadia,0,1,0.0,116,15038.409431240412,15038.317293038677,15038.409431240412,15038.317293038677,98.0,98.66666666666667,0.07312932865010602,0.0424165947382303,1,0
gebco_cascadia_margin_moderate,GEBCO Cascadia,0,2,0.0,116,15038.91096758791,15038.796039151954,15038.91096758791,15038.796039151954,98.0,98.66666666666667,0.2843859789851962,0.2460765003332522,1,0
gebco_cascadia_margin_moderate,GEBCO Cascadia,0,3,0.0,116,15040.255345297875,15040.166964313334,15040.255345297875,15040.166964313334,98.0,98.66666666666667,0.7083807090430977,0.6789203808628816,1,0
gebco_cascadia_margin_moderate,GEBCO Cascadia,0,4,0.0,116,15040.18899425287,15041.775085349158,15040.18899425287,15041.775085349158,98.0,98.0,0.6723828658066702,1.2010798979026933,1,0
gebco_cascadia_margin_moderate,GEBCO Cascadia,0,5,0.0,116,15041.998171140425,15042.42476218154,15041.998171140425,15042.42476218154,98.0,98.66666666666667,1.3253309271614586,1.4675279408663682,1,0
gebco_cascadia_margin_moderate,GEBCO Cascadia,0,6,0.0,116,15044.108329438062,15044.951998772041,15044.108329438062,15044.951998772041,98.0,98.66666666666667,2.036409036173131,2.317632147499783,1,0
gebco_cascadia_margin_moderate,GEBCO Cascadia,0,7,0.0,116,15046.590830584932,15045.07527985757,15046.590830584932,15045.07527985757,100.0,99.33333333333333,2.7655424581960077,2.260358882408901,1,0
gebco_cascadia_margin_moderate,GEBCO Cascadia,0,8,0.0,116,15043.664332254186,15044.147588175125,15043.664332254186,15044.147588175125,98.0,98.66666666666667,1.9223552229230956,2.0834405299027448,1,0
gebco_cascadia_margin_moderate,GEBCO Cascadia,0,9,0.0,116,15050.773062579294,15048.657433761025,15050.773062579294,15048.657433761025,100.0,98.66666666666667,4.067810825404359,3.3626012193150534,0,0
gebco_cascadia_margin_moderate,GEBCO Cascadia,0,10,0.0,116,15054.54384435455,15050.963386369134,15054.54384435455,15050.963386369134,100.0,98.66666666666667,5.382550402106638,4.189064406967965,0,0
gebco_cascadia_margin_moderate,GEBCO Cascadia,0,11,0.0,116,15051.110104674673,15052.424581932833,15051.110104674673,15052.424581932833,100.0,98.0,4.115327575780641,4.553486661833815,0,0
gebco_cascadia_margin_moderate,GEBCO Cascadia,1,0,0.0,116,15038.223860078393,15038.223860078393,15038.223860078393,15038.223860078393,100.0,99.33333333333333,0.0,0.0,1,1
gebco_cascadia_margin_moderate,GEBCO Cascadia,1,1,0.0,116,15038.504064187728,15038.351683084144,15038.504064187728,15038.351683084144,98.0,98.66666666666667,0.09763226103589762,0.04683855984154909,1,0
gebco_cascadia_margin_moderate,GEBCO Cascadia,1,2,0.0,116,15039.13033335973,15039.18432012455,15039.13033335973,15039.18432012455,100.0,99.33333333333333,0.28079220765733326,0.2987877959305457,1,0
gebco_cascadia_margin_moderate,GEBCO Cascadia,1,3,0.0,116,15040.042946497424,15039.882341197574,15040.042946497424,15039.882341197574,100.0,99.33333333333333,0.6163764024705923,0.5628413025204008,1,0
gebco_cascadia_margin_moderate,GEBCO Cascadia,1,4,0.0,116,15041.859643612079,15041.468878735228,15041.859643612079,15041.468878735228,100.0,99.33333333333333,1.1714954391020849,1.0412404801520283,1,0
gebco_cascadia_margin_moderate,GEBCO Cascadia,1,5,0.0,116,15044.531713845727,15043.180950564853,15044.531713845727,15043.180950564853,100.0,99.33333333333333,2.074789754922304,1.624535327963867,1,0
gebco_cascadia_margin_moderate,GEBCO Cascadia,1,6,0.0,116,15046.444762330611,15045.36799124385,15046.444762330611,15045.36799124385,98.0,98.0,2.745897384874666,2.3869736892870255,1,0
gebco_cascadia_margin_moderate,GEBCO Cascadia,1,7,0.0,116,15048.385302109558,15047.02287420348,15048.385302109558,15047.02287420348,100.0,99.33333333333333,3.3518206055001447,2.8976779701404283,1,0
gebco_cascadia_margin_moderate,GEBCO Cascadia,1,8,0.0,116,15051.058828779658,15049.959664761487,15051.058828779658,15049.959664761487,100.0,98.0,4.173570800599431,3.807182794542068,0,0
gebco_cascadia_margin_moderate,GEBCO Cascadia,1,9,0.0,116,15042.147209827805,15076.655920402723,15042.147209827805,15076.655920402723,98.0,96.66666666666667,1.504191212399509,4.118205848484009,0,0
gebco_cascadia_margin_moderate,GEBCO Cascadia,1,10,0.0,116,15294.61478010826,15079.467001374134,15294.61478010826,15079.467001374134,94.0,96.66666666666667,5.622796993395071,5.017981859797743,0,0
gebco_cascadia_margin_moderate,GEBCO Cascadia,1,11,0.0,116,15053.714170977883,15080.196687454374,15053.714170977883,15080.196687454374,98.0,96.66666666666667,5.217811732643227,5.1564283359182665,0,0
gebco_cascadia_margin_moderate,GEBCO Cascadia,2,0,0.0,116,15038.223860078393,15038.223860078393,15038.223860078393,15038.223860078393,100.0,99.33333333333333,0.0,0.0,1,1
gebco_cascadia_margin_moderate,GEBCO Cascadia,2,1,0.0,116,15038.210575815256,15038.340863203704,15038.210575815256,15038.340863203704,98.0,98.66666666666667,0.0,0.0434291294831982,1,0
gebco_cascadia_margin_moderate,GEBCO Cascadia,2,2,0.0,116,15039.026842673122,15039.124342246147,15039.026842673122,15039.124342246147,100.0,99.33333333333333,0.19473099471312805,0.22723085238769672,1,0
gebco_cascadia_margin_moderate,GEBCO Cascadia,2,3,0.0,116,15038.729474771939,15039.657302713678,15038.729474771939,15039.657302713678,98.0,98.66666666666667,0.21113096477577822,0.5204069453558309,1,0
gebco_cascadia_margin_moderate,GEBCO Cascadia,2,4,0.0,116,15042.873859101988,15041.869470290983,15042.873859101988,15041.869470290983,98.0,98.66666666666667,1.6089178432018876,1.274121572867092,1,0
gebco_cascadia_margin_moderate,GEBCO Cascadia,2,5,0.0,116,15040.548883788528,15041.474731266886,15040.548883788528,15041.474731266886,98.0,98.0,0.8235103340430644,1.1321261601626225,1,0
gebco_cascadia_margin_moderate,GEBCO Cascadia,2,6,0.0,116,15044.68920087275,15045.709901582984,15044.68920087275,15045.709901582984,100.0,98.66666666666667,2.2088916099980005,2.549125180076103,1,0
gebco_cascadia_margin_moderate,GEBCO Cascadia,2,7,0.0,116,15050.137499264838,15047.14015309174,15050.137499264838,15047.14015309174,100.0,98.0,3.987296744357604,2.9881813533247295,1,0
gebco_cascadia_margin_moderate,GEBCO Cascadia,2,8,0.0,116,15129.035774235535,15046.807703019447,15129.035774235535,15046.807703019447,96.0,97.33333333333334,3.6521694653435848,2.909479059981385,1,0
gebco_cascadia_margin_moderate,GEBCO Cascadia,2,9,0.0,116,15048.451829718688,15051.335180660408,15048.451829718688,15051.335180660408,100.0,98.0,3.269200557966848,4.230317538540508,0,0
gebco_cascadia_margin_moderate,GEBCO Cascadia,2,10,0.0,116,15049.182843175646,15048.083815703945,15049.182843175646,15048.083815703945,98.0,97.33333333333334,3.6188556076438054,3.2525131170767545,0,0
gebco_cascadia_margin_moderate,GEBCO Cascadia,2,11,0.0,116,15290.498135820526,15132.991120943223,15290.498135820526,15132.991120943223,94.0,96.0,4.163315058186652,4.994310099085759,0,0
gebco_cascadia_margin_moderate,GEBCO Cascadia,3,0,0.0,116,15038.223860078393,15038.223860078393,15038.223860078393,15038.223860078393,100.0,99.33333333333333,0.0,0.0,1,1
gebco_cascadia_margin_moderate,GEBCO Cascadia,3,1,0.0,116,15039.034407978916,15038.745425177445,15039.034407978916,15038.745425177445,98.0,98.66666666666667,0.28941215190682135,0.19308455141691638,1,0
gebco_cascadia_margin_moderate,GEBCO Cascadia,3,2,0.0,116,15039.08621512826,15039.093137534195,15039.08621512826,15039.093137534195,100.0,99.33333333333333,0.2776706343908569,0.27997810303586484,1,0
gebco_cascadia_margin_moderate,GEBCO Cascadia,3,3,0.0,116,15040.196006136104,15040.61805497003,15040.196006136104,15040.61805497003,100.0,99.33333333333333,0.6476620823530127,0.7883450269944272,1,0
gebco_cascadia_margin_moderate,GEBCO Cascadia,3,4,0.0,116,15042.813079918926,15041.38735573569,15042.813079918926,15041.38735573569,100.0,99.33333333333333,1.50408447121156,1.0288430767996979,1,0
gebco_cascadia_margin_moderate,GEBCO Cascadia,3,5,0.0,116,15044.137254809459,15043.241625844606,15044.137254809459,15043.241625844606,100.0,99.33333333333333,1.972722313015257,1.6741793247310912,1,0
gebco_cascadia_margin_moderate,GEBCO Cascadia,3,6,0.0,116,15042.872169252843,15045.02911415694,15042.872169252843,15045.02911415694,100.0,99.33333333333333,1.3737785258907649,2.0927601605894206,1,0
gebco_cascadia_margin_moderate,GEBCO Cascadia,3,7,0.0,116,15041.915483662218,15046.553782258838,15041.915483662218,15046.553782258838,100.0,99.33333333333333,1.1795900328706466,2.7256895650773716,1,0
gebco_cascadia_margin_moderate,GEBCO Cascadia,3,8,0.0,116,15048.48154933826,15048.142692925354,15048.48154933826,15048.142692925354,100.0,98.66666666666667,3.3546921655531814,3.2417400279179733,0,0
gebco_cascadia_margin_moderate,GEBCO Cascadia,3,9,0.0,116,15051.3037003617,15047.858675519508,15051.3037003617,15047.858675519508,100.0,99.33333333333333,4.262085890580304,3.11374427651663,0,0
gebco_cascadia_margin_moderate,GEBCO Cascadia,3,10,0.0,116,15046.602057811899,15048.938844912995,15046.602057811899,15048.938844912995,100.0,97.33333333333334,2.8343868984503744,3.6133159321489114,0,0
gebco_cascadia_margin_moderate,GEBCO Cascadia,3,11,0.0,116,15290.614977639003,15050.20336773456,15290.614977639003,15050.20336773456,94.0,97.33333333333334,4.285777650383196,4.1485743489020885,0,0
gebco_cascadia_margin_moderate,GEBCO Cascadia,4,0,0.0,116,15038.223860078393,15038.223860078393,15038.223860078393,15038.223860078393,100.0,99.33333333333333,0.0,0.0,1,1
gebco_cascadia_margin_moderate,GEBCO Cascadia,4,1,0.0,116,15038.363276667704,15038.554935946304,15038.363276667704,15038.554935946304,100.0,99.33333333333333,0.022992105309838414,0.08687853150996172,1,0
gebco_cascadia_margin_moderate,GEBCO Cascadia,4,2,0.0,116,15039.838297236784,15039.1955310873,15039.838297236784,15039.1955310873,98.0,98.66666666666667,0.566191343840854,0.35193596067998917,1,0
gebco_cascadia_margin_moderate,GEBCO Cascadia,4,3,0.0,116,15040.941798477195,15040.56816168592,15040.941798477195,15040.56816168592,100.0,99.33333333333333,0.880536670447366,0.7559910733557977,1,0
gebco_cascadia_margin_moderate,GEBCO Cascadia,4,4,0.0,116,15042.466559969424,15042.239363426255,15042.466559969424,15042.239363426255,98.0,98.66666666666667,1.4416950747457176,1.3659628936891177,1,0
gebco_cascadia_margin_moderate,GEBCO Cascadia,4,5,0.0,116,15121.922604390587,15042.58814166127,15121.922604390587,15042.58814166127,96.0,98.0,1.2669669446177045,1.4888127015114692,1,0
gebco_cascadia_margin_moderate,GEBCO Cascadia,4,6,0.0,116,15048.404410222389,15045.49163756827,15048.404410222389,15045.49163756827,98.0,98.0,3.4803201669575388,2.5093959489180446,1,0
gebco_cascadia_margin_moderate,GEBCO Cascadia,4,7,0.0,116,15043.608927202911,15046.663620083362,15043.608927202911,15046.663620083362,100.0,98.66666666666667,1.776109695890028,2.7943406560404056,1,0
gebco_cascadia_margin_moderate,GEBCO Cascadia,4,8,0.0,116,15046.338911501669,15046.232205828635,15046.338911501669,15046.232205828635,100.0,98.66666666666667,2.7615465379406525,2.7259779802624684,1,0
gebco_cascadia_margin_moderate,GEBCO Cascadia,4,9,0.0,116,15048.125123944972,15077.77693733049,15048.125123944972,15077.77693733049,98.0,96.66666666666667,3.1780858233506377,4.1731347296339525,0,0
gebco_cascadia_margin_moderate,GEBCO Cascadia,4,10,0.0,116,15125.49175562186,15077.848034903409,15125.49175562186,15077.848034903409,96.0,96.66666666666667,2.5776462880978226,4.474183826391808,0,0
gebco_cascadia_margin_moderate,GEBCO Cascadia,4,11,0.0,116,15053.37804635485,15052.122182875224,15053.37804635485,15052.122182875224,100.0,97.33333333333334,4.98561629570209,4.566995135826872,0,0
gebco_cascadia_margin_moderate,GEBCO Cascadia,5,0,0.0,116,15038.223860078393,15038.223860078393,15038.223860078393,15038.223860078393,100.0,99.33333333333333,0.0,0.0,1,1
gebco_cascadia_margin_moderate,GEBCO Cascadia,5,1,0.0,116,15038.231827220936,15038.236994718069,15038.231827220936,15038.236994718069,100.0,99.33333333333333,0.00509734383484306,0.006819842879531635,1,0
gebco_cascadia_margin_moderate,GEBCO Cascadia,5,2,0.0,116,15039.078452585163,15039.380468656074,15039.078452585163,15039.380468656074,98.0,98.66666666666667,0.2655870365601174,0.3662590601972654,1,0
gebco_cascadia_margin_moderate,GEBCO Cascadia,5,3,0.0,116,15039.392908526243,15039.537196739495,15039.392908526243,15039.537196739495,100.0,99.33333333333333,0.3949580226808998,0.44305409376504085,1,0
gebco_cascadia_margin_moderate,GEBCO Cascadia,5,4,0.0,116,15041.455296625882,15041.159766110872,15041.455296625882,15041.159766110872,100.0,99.33333333333333,0.9809039222488839,0.8823937505790147,1,0
gebco_cascadia_margin_moderate,GEBCO Cascadia,5,5,0.0,116,15039.620560358644,15042.122411535673,15039.620560358644,15042.122411535673,98.0,98.66666666666667,0.5176636766507847,1.351614068993811,1,0
gebco_cascadia_margin_moderate,GEBCO Cascadia,5,6,0.0,116,15045.7808557565,15046.48190170044,15045.7808557565,15046.48190170044,100.0,99.33333333333333,2.421114153684185,2.6547961349967446,1,0
gebco_cascadia_margin_moderate,GEBCO Cascadia,5,7,0.0,116,15044.128792672627,15044.562004910671,15044.128792672627,15044.562004910671,100.0,99.33333333333333,1.940110117511114,2.0845141968589056,1,0
gebco_cascadia_margin_moderate,GEBCO Cascadia,5,8,0.0,116,15127.587071186792,15048.206554274613,15127.587071186792,15048.206554274613,96.0,97.33333333333334,3.0538406626101455,3.260335025217587,0,0
gebco_cascadia_margin_moderate,GEBCO Cascadia,5,9,0.0,116,15045.236797974672,15047.853882687752,15045.236797974672,15047.853882687752,100.0,98.66666666666667,2.2439966342144766,3.1163582052411427,0,0
gebco_cascadia_margin_moderate,GEBCO Cascadia,5,10,0.0,116,15045.092367375659,15049.58001899721,15045.092367375659,15049.58001899721,98.0,98.0,2.1583234540002074,3.654207327850428,0,0
gebco_cascadia_margin_moderate,GEBCO Cascadia,5,11,0.0,116,15047.752315985672,15046.90640153417,15047.752315985672,15046.90640153417,100.0,98.66666666666667,3.1472602955107756,2.8652888116772792,1,0
gebco_cascadia_margin_moderate,GEBCO Cascadia,6,0,0.0,116,15038.223860078393,15038.223860078393,15038.223860078393,15038.223860078393,100.0,99.33333333333333,0.0,0.0,1,1
gebco_cascadia_margin_moderate,GEBCO Cascadia,6,1,0.0,116,15038.508969520448,15038.449403506012,15038.508969520448,15038.449403506012,98.0,98.66666666666667,0.1149450503159215,0.09508971217061135,1,0
gebco_cascadia_margin_moderate,GEBCO Cascadia,6,2,0.0,116,15038.464738095076,15038.813886869704,15038.464738095076,15038.813886869704,98.0,98.66666666666667,0.10543003891221625,0.22181296378805876,1,0
gebco_cascadia_margin_moderate,GEBCO Cascadia,6,3,0.0,116,15040.162830594309,15040.500204238277,15040.162830594309,15040.500204238277,100.0,99.33333333333333,0.6485709935493705,0.7610288748721888,1,0
gebco_cascadia_margin_moderate,GEBCO Cascadia,6,4,0.0,116,15042.651391654043,15041.522907658129,15042.651391654043,15041.522907658129,100.0,99.33333333333333,1.4436951812779886,1.067533849307027,1,0
gebco_cascadia_margin_moderate,GEBCO Cascadia,6,5,0.0,116,15042.38165199667,15043.10469489734,15042.38165199667,15043.10469489734,98.0,98.66666666666667,1.4466557781635478,1.687670078386829,1,0
gebco_cascadia_margin_moderate,GEBCO Cascadia,6,6,0.0,116,15043.37659042415,15042.933130847648,15043.37659042415,15042.933130847648,100.0,99.33333333333333,1.6335504554127744,1.4857305965789318,1,0
gebco_cascadia_margin_moderate,GEBCO Cascadia,6,7,0.0,116,15043.860966940105,15047.31568974348,15043.860966940105,15047.31568974348,98.0,97.33333333333334,1.8593700528677921,3.0109443206595823,0,0
gebco_cascadia_margin_moderate,GEBCO Cascadia,6,8,0.0,116,15044.932282204603,15045.68964702873,15044.932282204603,15045.68964702873,100.0,99.33333333333333,2.235321244454549,2.487776185830386,1,0
gebco_cascadia_margin_moderate,GEBCO Cascadia,6,9,0.0,116,15133.321281963534,15076.783419018173,15133.321281963534,15076.783419018173,96.0,96.66666666666667,4.905980583751977,3.837804046409949,0,0
gebco_cascadia_margin_moderate,GEBCO Cascadia,6,10,0.0,116,15132.612811472854,15049.612754225247,15132.612811472854,15049.612754225247,96.0,97.33333333333334,4.752280630639106,3.752261548103294,0,0
gebco_cascadia_margin_moderate,GEBCO Cascadia,6,11,0.0,116,15137.391132877225,15081.893237273076,15137.391132877225,15081.893237273076,96.0,96.66666666666667,6.261009790468331,5.53948903353023,0,0
gebco_cascadia_margin_moderate,GEBCO Cascadia,7,0,0.0,116,15038.223860078393,15038.223860078393,15038.223860078393,15038.223860078393,100.0,99.33333333333333,0.0,0.0,1,1
gebco_cascadia_margin_moderate,GEBCO Cascadia,7,1,0.0,116,15038.397520404827,15038.290498385431,15038.397520404827,15038.290498385431,98.0,98.66666666666667,0.07134713886428569,0.03567313239910782,1,0
gebco_cascadia_margin_moderate,GEBCO Cascadia,7,2,0.0,116,15039.065480583926,15038.797024395368,15039.065480583926,15038.797024395368,98.0,98.66666666666667,0.3004839808492796,0.21099858466320381,1,0
gebco_cascadia_margin_moderate,GEBCO Cascadia,7,3,0.0,116,15040.060618553356,15039.74967535146,15040.060618553356,15039.74967535146,98.0,98.66666666666667,0.5836143379741183,0.47996660400871943,1,0
gebco_cascadia_margin_moderate,GEBCO Cascadia,7,4,0.0,116,15041.280341682681,15041.575628876904,15041.280341682681,15041.575628876904,98.0,98.66666666666667,1.05130184080406,1.1497309055456768,1,0
gebco_cascadia_margin_moderate,GEBCO Cascadia,7,5,0.0,116,15123.179125542316,15042.753718198592,15123.179125542316,15042.753718198592,96.0,97.33333333333334,1.708232439107086,1.5664299911994861,1,0
gebco_cascadia_margin_moderate,GEBCO Cascadia,7,6,0.0,116,15043.577991636992,15043.24312316043,15043.577991636992,15043.24312316043,98.0,97.33333333333334,1.6837993713487813,1.572176545828009,1,0
gebco_cascadia_margin_moderate,GEBCO Cascadia,7,7,0.0,116,15043.399343890635,15044.597608269907,15043.399343890635,15044.597608269907,98.0,97.33333333333334,1.7822973176079027,2.1817187773656546,1,0
gebco_cascadia_margin_moderate,GEBCO Cascadia,7,8,0.0,116,15048.016174325223,15046.920921446064,15048.016174325223,15046.920921446064,98.0,97.33333333333334,3.2600445141177783,2.8949602210648746,1,0
gebco_cascadia_margin_moderate,GEBCO Cascadia,7,9,0.0,116,15049.22668363604,15049.610149873668,15049.22668363604,15049.610149873668,98.0,98.66666666666667,3.869823725394487,3.9976458046038066,0,0
gebco_cascadia_margin_moderate,GEBCO Cascadia,7,10,0.0,116,15046.223755191717,15049.89977342673,15046.223755191717,15049.89977342673,100.0,98.0,2.6573544144425543,3.882693826113823,0,0
gebco_cascadia_margin_moderate,GEBCO Cascadia,7,11,0.0,116,15046.745493585571,15075.731721234359,15046.745493585571,15075.731721234359,98.0,96.66666666666667,2.8836960514769046,3.656883045517717,0,0
gebco_cascadia_margin_moderate,GEBCO Cascadia,8,0,0.0,116,15038.223860078393,15038.223860078393,15038.223860078393,15038.223860078393,100.0,99.33333333333333,0.0,0.0,1,1
gebco_cascadia_margin_moderate,GEBCO Cascadia,8,1,0.0,116,15038.253465383254,15038.24846260017,15038.253465383254,15038.24846260017,100.0,99.33333333333333,0.005215012429366062,0.0035474180683161185,1,0
gebco_cascadia_margin_moderate,GEBCO Cascadia,8,2,0.0,116,15039.477492474996,15039.34731057007,15039.477492474996,15039.34731057007,100.0,99.33333333333333,0.4360845261476218,0.3926905578390761,1,0
gebco_cascadia_margin_moderate,GEBCO Cascadia,8,3,0.0,116,15039.64498198802,15040.331115778808,15039.64498198802,15040.331115778808,100.0,99.33333333333333,0.3987180997848243,0.6274293633807263,1,0
gebco_cascadia_margin_moderate,GEBCO Cascadia,8,4,0.0,116,15041.814327338472,15041.052411754847,15041.814327338472,15041.052411754847,98.0,98.66666666666667,1.229801963112431,0.975830101903756,1,0
gebco_cascadia_margin_moderate,GEBCO Cascadia,8,5,0.0,116,15040.645090499514,15041.610620976664,15040.645090499514,15041.610620976664,98.0,98.66666666666667,0.878164929893036,1.2000084222761052,1,0
gebco_cascadia_margin_moderate,GEBCO Cascadia,8,6,0.0,116,15046.05227135251,15045.763499372559,15046.05227135251,15045.763499372559,98.0,98.0,2.59866630411092,2.50240897746022,1,0
gebco_cascadia_margin_moderate,GEBCO Cascadia,8,7,0.0,116,15125.864756438794,15047.999706769806,15125.864756438794,15047.999706769806,96.0,97.33333333333334,2.5728437710507617,3.284493881387915,0,0
gebco_cascadia_margin_moderate,GEBCO Cascadia,8,8,0.0,116,15049.262165932672,15046.980350306847,15049.262165932672,15046.980350306847,98.0,98.66666666666667,3.7158281962372786,2.955222987628423,1,0
gebco_cascadia_margin_moderate,GEBCO Cascadia,8,9,0.0,116,15048.168821832644,15047.857464681303,15048.168821832644,15047.857464681303,98.0,98.0,3.424452340525306,3.3206666234112725,0,0
gebco_cascadia_margin_moderate,GEBCO Cascadia,8,10,0.0,116,15054.134577166005,15051.691248144352,15054.134577166005,15051.691248144352,100.0,98.66666666666667,5.136226827076946,4.321783819859226,0,0
gebco_cascadia_margin_moderate,GEBCO Cascadia,8,11,0.0,116,15047.02062315947,15053.209372116076,15047.02062315947,15053.209372116076,98.0,98.66666666666667,2.8252536830200445,4.8881700018889775,0,0
gebco_cascadia_margin_moderate,GEBCO Cascadia,9,0,0.0,116,15038.223860078393,15038.223860078393,15038.223860078393,15038.223860078393,100.0,99.33333333333333,0.0,0.0,1,1
gebco_cascadia_margin_moderate,GEBCO Cascadia,9,1,0.0,116,15038.390337854786,15038.496934030623,15038.390337854786,15038.496934030623,100.0,99.33333333333333,0.07551444528748107,0.1110465038999083,1,0
gebco_cascadia_margin_moderate,GEBCO Cascadia,9,2,0.0,116,15039.006935270843,15039.059949344926,15039.006935270843,15039.059949344926,98.0,98.66666666666667,0.31930305709413775,0.33697441512199816,1,0
gebco_cascadia_margin_moderate,GEBCO Cascadia,9,3,0.0,116,15040.57454651225,15040.422830753703,15040.57454651225,15040.422830753703,100.0,99.33333333333333,0.7373861638764194,0.6868142443607891,1,0
gebco_cascadia_margin_moderate,GEBCO Cascadia,9,4,0.0,116,15041.621134325353,15042.134162698467,15041.621134325353,15042.134162698467,98.0,98.66666666666667,1.1283936945076616,1.2994031522123384,1,0
gebco_cascadia_margin_moderate,GEBCO Cascadia,9,5,0.0,116,15041.075755529497,15043.617589718573,15041.075755529497,15043.617589718573,100.0,99.33333333333333,0.9335097029185806,1.7807877659441533,1,0
gebco_cascadia_margin_moderate,GEBCO Cascadia,9,6,0.0,116,15043.453479239812,15044.484160211261,15043.453479239812,15044.484160211261,100.0,99.33333333333333,1.6749962072688058,2.0185565310853746,1,0
gebco_cascadia_margin_moderate,GEBCO Cascadia,9,7,0.0,116,15043.836935739158,15045.135553930595,15043.836935739158,15045.135553930595,100.0,99.33333333333333,1.7992625132920599,2.2321352437710518,1,0
gebco_cascadia_margin_moderate,GEBCO Cascadia,9,8,0.0,116,15046.069236205287,15046.50627941348,15046.069236205287,15046.50627941348,98.0,98.0,2.7359224089667276,2.8816034783645073,1,0
gebco_cascadia_margin_moderate,GEBCO Cascadia,9,9,0.0,116,15772.343332923549,15238.641794424218,15772.343332923549,15238.641794424218,88.0,94.66666666666667,4.704297675619371,4.581562620287499,0,0
gebco_cascadia_margin_moderate,GEBCO Cascadia,9,10,0.0,116,15049.474195497942,15049.364767217945,15049.474195497942,15049.364767217945,98.0,97.33333333333334,3.7151415255630877,3.678665432230695,0,0
gebco_cascadia_margin_moderate,GEBCO Cascadia,9,11,0.0,116,15050.259588847004,15078.028894367864,15050.259588847004,15078.028894367864,98.0,96.66666666666667,4.025008863475692,4.392555148206913,0,0
gebco_cascadia_margin_moderate,GEBCO Cascadia,10,0,0.0,116,15038.223860078393,15038.223860078393,15038.223860078393,15038.223860078393,100.0,99.33333333333333,0.0,0.0,1,1
gebco_cascadia_margin_moderate,GEBCO Cascadia,10,1,0.0,116,15038.242895871928,15038.23927534267,15038.242895871928,15038.23927534267,100.0,99.33333333333333,0.010936108263687959,0.009729265177550165,1,0
gebco_cascadia_margin_moderate,GEBCO Cascadia,10,2,0.0,116,15038.976490893674,15039.019503058857,15038.976490893674,15039.019503058857,98.0,98.66666666666667,0.279215926129565,0.2935533145237118,1,0
gebco_cascadia_margin_moderate,GEBCO Cascadia,10,3,0.0,116,15040.29862177856,15040.436997335706,15040.29862177856,15040.436997335706,100.0,99.33333333333333,0.5963899849750482,0.6425151706902447,1,0
gebco_cascadia_margin_moderate,GEBCO Cascadia,10,4,0.0,116,15041.64381358536,15042.783736081168,15041.64381358536,15042.783736081168,98.0,98.66666666666667,1.126238880636964,1.50621304590636,1,0
gebco_cascadia_margin_moderate,GEBCO Cascadia,10,5,0.0,116,15041.54786658542,15043.134795185346,15041.54786658542,15043.134795185346,100.0,99.33333333333333,1.0589946395010783,1.5879708394764744,1,0
gebco_cascadia_margin_moderate,GEBCO Cascadia,10,6,0.0,116,15043.72897904743,15043.700937033107,15043.72897904743,15043.700937033107,100.0,98.66666666666667,1.7432892525713253,1.73394191446407,1,0
gebco_cascadia_margin_moderate,GEBCO Cascadia,10,7,0.0,116,15047.861040749014,15074.59113472374,15047.861040749014,15074.59113472374,100.0,96.66666666666667,3.0606539008639513,3.0817963368838805,0,0
gebco_cascadia_margin_moderate,GEBCO Cascadia,10,8,0.0,116,15051.24091100078,15047.676824138394,15051.24091100078,15047.676824138394,98.0,98.66666666666667,4.246510622955931,3.058481668827949,0,0
gebco_cascadia_margin_moderate,GEBCO Cascadia,10,9,0.0,116,15051.251333458928,15047.486620245665,15051.251333458928,15047.486620245665,98.0,98.0,4.329880161206012,3.0749757567849927,0,0
gebco_cascadia_margin_moderate,GEBCO Cascadia,10,10,0.0,116,15051.450588765334,15183.384591422693,15051.450588765334,15183.384591422693,100.0,95.33333333333334,4.36877025131892,3.902326692661522,0,0
gebco_cascadia_margin_moderate,GEBCO Cascadia,10,11,0.0,116,15292.842728786854,15185.365413336876,15292.842728786854,15185.365413336876,94.0,95.33333333333334,4.99306443756784,4.722848176464305,0,0
gebco_cascadia_margin_moderate,GEBCO Cascadia,11,0,0.0,116,15038.223860078393,15038.223860078393,15038.223860078393,15038.223860078393,100.0,99.33333333333333,0.0,0.0,1,1
gebco_cascadia_margin_moderate,GEBCO Cascadia,11,1,0.0,116,15038.262171618711,15038.32276529073,15038.262171618711,15038.32276529073,98.0,98.66666666666667,0.03166394113166049,0.051861831804429305,1,0
gebco_cascadia_margin_moderate,GEBCO Cascadia,11,2,0.0,116,15039.023886824023,15038.997465148777,15039.023886824023,15038.997465148777,98.0,98.66666666666667,0.26013094993443997,0.2513237248522757,1,0
gebco_cascadia_margin_moderate,GEBCO Cascadia,11,3,0.0,116,15040.00024451823,15040.02180941713,15040.00024451823,15040.02180941713,100.0,99.33333333333333,0.565555838363222,0.57274413799608,1,0
gebco_cascadia_margin_moderate,GEBCO Cascadia,11,4,0.0,116,15041.71359955475,15041.760553584387,15041.71359955475,15041.760553584387,98.0,98.66666666666667,1.1767968007481384,1.1924481439598729,1,0
gebco_cascadia_margin_moderate,GEBCO Cascadia,11,5,0.0,116,15042.978279253819,15043.132840381479,15042.978279253819,15043.132840381479,100.0,99.33333333333333,1.6214778443263609,1.6729982202128375,1,0
gebco_cascadia_margin_moderate,GEBCO Cascadia,11,6,0.0,116,15126.991442320781,15047.655450532731,15126.991442320781,15047.655450532731,96.0,97.33333333333334,2.9439922550560587,3.1653283257059455,0,0
gebco_cascadia_margin_moderate,GEBCO Cascadia,11,7,0.0,116,15126.562412994466,15047.538037165205,15126.562412994466,15047.538037165205,96.0,98.0,2.7950762538808522,3.12028431079363,0,0
gebco_cascadia_margin_moderate,GEBCO Cascadia,11,8,0.0,116,15048.772341518248,15046.967750985557,15048.772341518248,15046.967750985557,98.0,98.0,3.5676096749780544,2.9660794974148206,1,0
gebco_cascadia_margin_moderate,GEBCO Cascadia,11,9,0.0,116,15132.370013313337,15048.597628695265,15132.370013313337,15048.597628695265,96.0,98.0,4.670252904807009,3.4127913654498068,0,0
gebco_cascadia_margin_moderate,GEBCO Cascadia,11,10,0.0,116,15128.423803955731,15075.00300928146,15128.423803955731,15075.00300928146,96.0,96.66666666666667,3.336067234140596,3.306913453828114,0,0
gebco_cascadia_margin_moderate,GEBCO Cascadia,11,11,0.0,116,15292.233506507106,15077.563604323286,15292.233506507106,15077.563604323286,94.0,96.66666666666667,4.4904149675622556,4.044892017400323,0,0
gebco_monterey_canyon_complex,GEBCO Monterey,0,0,90.0,59,6656.620000000051,6656.620000000051,6656.620000000051,6656.620000000051,100.0,100.0,0.0,0.0,1,1
gebco_monterey_canyon_complex,GEBCO Monterey,0,1,90.0,59,6656.635715572481,6656.613776483943,6656.635715572481,6656.613776483943,100.0,99.16666666666667,0.021939088538399928,0.014626059025599956,1,0
gebco_monterey_canyon_complex,GEBCO Monterey,0,2,90.0,59,6658.250595769966,6657.818676373296,6658.250595769966,6657.818676373296,100.0,100.0,0.516990317901066,0.373017185677579,1,0
gebco_monterey_canyon_complex,GEBCO Monterey,0,3,90.0,59,6657.144271141494,6657.525261765188,6657.144271141494,6657.525261765188,100.0,99.16666666666667,0.23385637271132645,0.3608532472760755,1,0
gebco_monterey_canyon_complex,GEBCO Monterey,0,4,90.0,59,6659.7599285411015,6660.29351063479,6659.7599285411015,6660.29351063479,100.0,98.33333333333333,1.1171037242029542,1.2949644220991967,1,0
gebco_monterey_canyon_complex,GEBCO Monterey,0,5,90.0,59,6662.720851043686,6662.587132239434,6662.720851043686,6662.587132239434,100.0,100.0,2.002650650334293,1.958077715583541,1,0
gebco_monterey_canyon_complex,GEBCO Monterey,0,6,90.0,59,6660.222235540907,6662.627620303387,6660.222235540907,6662.627620303387,100.0,98.33333333333333,1.2650880664030355,2.066882987229591,1,0
gebco_monterey_canyon_complex,GEBCO Monterey,0,7,90.0,59,6665.5251179219895,6664.6553555171795,6665.5251179219895,6664.6553555171795,100.0,97.5,3.059987515859992,2.7700667142565902,1,0
gebco_monterey_canyon_complex,GEBCO Monterey,0,8,90.0,59,6666.567983699918,6665.391786308617,6666.567983699918,6665.391786308617,97.5,99.16666666666667,3.194975927656304,2.8029101305562243,1,0
gebco_monterey_canyon_complex,GEBCO Monterey,0,9,90.0,59,6831.731600252467,6667.906456465245,6831.731600252467,6667.906456465245,95.0,98.33333333333333,4.9851552171285425,3.7101072880545893,0,0
gebco_monterey_canyon_complex,GEBCO Monterey,0,10,90.0,59,6666.517690060395,6668.349394399985,6666.517690060395,6668.349394399985,97.5,97.5,3.2798084855213676,3.890376598717931,0,0
gebco_monterey_canyon_complex,GEBCO Monterey,0,11,90.0,59,6671.576890297383,6668.78098610124,6671.576890297383,6668.78098610124,100.0,100.0,4.877238837022926,3.945270771641859,0,0
gebco_monterey_canyon_complex,GEBCO Monterey,1,0,90.0,59,6656.620000000051,6656.620000000051,6656.620000000051,6656.620000000051,100.0,100.0,0.0,0.0,1,1
gebco_monterey_canyon_complex,GEBCO Monterey,1,1,90.0,59,6656.916313828127,6656.797214805301,6656.916313828127,6656.797214805301,100.0,99.16666666666667,0.11909902282579626,0.07939934855053082,1,0
gebco_monterey_canyon_complex,GEBCO Monterey,1,2,90.0,59,6657.351944861448,6657.187315283411,6657.351944861448,6657.187315283411,100.0,100.0,0.22899780317560356,0.17412127716329195,1,0
gebco_monterey_canyon_complex,GEBCO Monterey,1,3,90.0,59,6659.2613365643,6658.738201476849,6659.2613365643,6658.738201476849,100.0,100.0,0.8687377713536246,0.694359408870104,1,0
gebco_monterey_canyon_complex,GEBCO Monterey,1,4,90.0,59,6660.892675834199,6660.222607603691,6660.892675834199,6660.222607603691,100.0,100.0,1.3785572593476016,1.1552011825117734,1,0
gebco_monterey_canyon_complex,GEBCO Monterey,1,5,90.0,59,6660.63943091604,6661.444622775579,6660.63943091604,6661.444622775579,100.0,99.16666666666667,1.2806374348109066,1.5490347213237865,1,0
gebco_monterey_canyon_complex,GEBCO Monterey,1,6,90.0,59,6661.921024670886,6661.542275890149,6661.921024670886,6661.542275890149,100.0,99.16666666666667,1.760165097554272,1.6339155039750213,1,0
gebco_monterey_canyon_complex,GEBCO Monterey,1,7,90.0,59,6666.166281982669,6667.4453747819525,6666.166281982669,6667.4453747819525,100.0,98.33333333333333,3.2876254234119786,3.7139896898397518,0,0
gebco_monterey_canyon_complex,GEBCO Monterey,1,8,90.0,59,6661.411145694625,6662.495554032897,6661.411145694625,6662.495554032897,100.0,100.0,1.6290914695281253,1.9905609156190378,1,0
gebco_monterey_canyon_complex,GEBCO Monterey,1,9,90.0,59,6670.843469750361,6695.9399646110705,6670.843469750361,6695.9399646110705,97.5,96.66666666666667,4.823238307774578,4.299847705789094,0,0
gebco_monterey_canyon_complex,GEBCO Monterey,1,10,90.0,59,6667.372171492729,6666.806324272954,6667.372171492729,6666.806324272954,100.0,99.16666666666667,3.537688667704002,3.3490729277792615,0,0
gebco_monterey_canyon_complex,GEBCO Monterey,1,11,90.0,59,6828.992947724906,6696.063490012867,6828.992947724906,6696.063490012867,95.0,96.66666666666667,3.930796763028009,4.0654219701264545,0,0
gebco_monterey_canyon_complex,GEBCO Monterey,2,0,90.0,59,6656.620000000051,6656.620000000051,6656.620000000051,6656.620000000051,100.0,100.0,0.0,0.0,1,1
gebco_monterey_canyon_complex,GEBCO Monterey,2,1,90.0,59,6656.984397986133,6656.867634453186,6656.984397986133,6656.867634453186,100.0,99.16666666666667,0.12745130048137474,0.0885301228322229,1,0
gebco_monterey_canyon_complex,GEBCO Monterey,2,2,90.0,59,6657.434578667706,6657.414124489787,6657.434578667706,6657.414124489787,100.0,100.0,0.22468008587859425,0.21786202657244394,1,0
gebco_monterey_canyon_complex,GEBCO Monterey,2,3,90.0,59,6658.757513252554,6658.406958050672,6658.757513252554,6658.406958050672,100.0,99.16666666666667,0.7822463832833683,0.665394649322514,1,0
gebco_monterey_canyon_complex,GEBCO Monterey,2,4,90.0,59,6660.4840774954655,6660.5008005880045,6660.4840774954655,6660.5008005880045,100.0,98.33333333333333,1.2712113924050563,1.2767857565847627,1,0
gebco_monterey_canyon_complex,GEBCO Monterey,2,5,90.0,59,6660.629664601956,6660.494146248518,6660.629664601956,6660.494146248518,100.0,100.0,1.2462727706372108,1.2010999861577045,1,0
gebco_monterey_canyon_complex,GEBCO Monterey,2,6,90.0,59,6664.018390254661,6663.350022934543,6664.018390254661,6663.350022934543,100.0,98.33333333333333,2.5333800010599563,2.310590894353644,1,0
gebco_monterey_canyon_complex,GEBCO Monterey,2,7,90.0,59,6662.019249372247,6663.213135645311,6662.019249372247,6663.213135645311,97.5,97.5,1.8422461863812183,2.240208277402268,1,0
gebco_monterey_canyon_complex,GEBCO Monterey,2,8,90.0,59,6666.654718709668,6666.181129987707,6666.654718709668,6666.181129987707,100.0,99.16666666666667,3.312546930418967,3.154684023098815,0,0
gebco_monterey_canyon_complex,GEBCO Monterey,2,9,90.0,59,6667.252909623983,6665.973538549242,6667.252909623983,6665.973538549242,97.5,97.5,3.7285780673785442,3.30212104246504,0,0
gebco_monterey_canyon_complex,GEBCO Monterey,2,10,90.0,59,6666.3627312692715,6665.7192217744305,6666.3627312692715,6665.7192217744305,100.0,98.33333333333333,3.1379807015504215,2.9234775366034413,1,0
gebco_monterey_canyon_complex,GEBCO Monterey,2,11,90.0,59,7236.3524156725325,6835.584175898291,7236.3524156725325,6835.584175898291,90.0,95.0,6.542920518789555,6.286840594042252,0,0
gebco_monterey_canyon_complex,GEBCO Monterey,3,0,90.0,59,6656.620000000051,6656.620000000051,6656.620000000051,6656.620000000051,100.0,100.0,0.0,0.0,1,1
gebco_monterey_canyon_complex,GEBCO Monterey,3,1,90.0,59,6657.227067271139,6657.1660062887595,6657.227067271139,6657.1660062887595,100.0,99.16666666666667,0.219578385007531,0.19922472421409382,1,0
gebco_monterey_canyon_complex,GEBCO Monterey,3,2,90.0,59,6657.993125835341,6658.220365478515,6657.993125835341,6658.220365478515,100.0,99.16666666666667,0.44464374251405,0.5203902902389613,1,0
gebco_monterey_canyon_complex,GEBCO Monterey,3,3,90.0,59,6658.223205136916,6658.335184403537,6658.223205136916,6658.335184403537,100.0,99.16666666666667,0.5652048254994673,0.6025312477065778,1,0
gebco_monterey_canyon_complex,GEBCO Monterey,3,4,90.0,59,6658.854709931264,6659.204014005527,6658.854709931264,6659.204014005527,100.0,99.16666666666667,0.8096281813847461,0.92606287280577,1,0
gebco_monterey_canyon_complex,GEBCO Monterey,3,5,90.0,59,6660.316551657398,6661.586879085585,6660.316551657398,6661.586879085585,100.0,99.16666666666667,1.185178812491502,1.6086212885534892,1,0
gebco_monterey_canyon_complex,GEBCO Monterey,3,6,90.0,59,6664.144774851389,6663.474922507578,6664.144774851389,6663.474922507578,100.0,97.5,2.478866071925609,2.255581957322061,1,0
gebco_monterey_canyon_complex,GEBCO Monterey,3,7,90.0,59,6664.046114345161,6663.431251772673,6664.046114345161,6663.431251772673,100.0,99.16666666666667,2.6341210537893223,2.4291668629600234,1,0
gebco_monterey_canyon_complex,GEBCO Monterey,3,8,90.0,59,6828.881732073974,6667.243662670584,6828.881732073974,6667.243662670584,95.0,97.5,4.304187062120523,3.758163927657452,0,0
gebco_monterey_canyon_complex,GEBCO Monterey,3,9,90.0,59,6665.940203970017,6665.216961491508,6665.940203970017,6665.216961491508,100.0,99.16666666666667,3.18031396419134,2.939233138021772,1,0
gebco_monterey_canyon_complex,GEBCO Monterey,3,10,90.0,59,6669.378259657898,6670.403590006638,6669.378259657898,6670.403590006638,100.0,98.33333333333333,4.154444544402946,4.496221327316516,0,0
gebco_monterey_canyon_complex,GEBCO Monterey,3,11,90.0,59,6830.384726233851,6762.534897744523,6830.384726233851,6762.534897744523,95.0,95.83333333333334,4.536729379962122,4.142342105741986,0,0
gebco_monterey_canyon_complex,GEBCO Monterey,4,0,90.0,59,6656.620000000051,6656.620000000051,6656.620000000051,6656.620000000051,100.0,100.0,0.0,0.0,1,1
gebco_monterey_canyon_complex,GEBCO Monterey,4,1,90.0,59,6657.107382229486,6657.006218255396,6657.107382229486,6657.006218255396,100.0,100.0,0.15864423736429642,0.12492291266772963,1,0
gebco_monterey_canyon_complex,GEBCO Monterey,4,2,90.0,59,6657.501422733839,6657.238327115072,6657.501422733839,6657.238327115072,100.0,99.16666666666667,0.3145637127280352,0.22686517313929672,1,0
gebco_monterey_canyon_complex,GEBCO Monterey,4,3,90.0,59,6658.362790332138,6658.573344457126,6658.362790332138,6658.573344457126,100.0,99.16666666666667,0.5553957535961518,0.6255804619257058,1,0
gebco_monterey_canyon_complex,GEBCO Monterey,4,4,90.0,59,6660.422011549772,6660.424571397924,6660.422011549772,6660.424571397924,100.0,99.16666666666667,1.3105910231030204,1.3114443058206913,1,0
gebco_monterey_canyon_complex,GEBCO Monterey,4,5,90.0,59,6661.792982639898,6661.678950904753,6661.792982639898,6661.678950904753,100.0,99.16666666666667,1.7226421876456774,1.6846316092642315,1,0
gebco_monterey_canyon_complex,GEBCO Monterey,4,6,90.0,59,6663.560042638523,6663.161553442575,6663.560042638523,6663.161553442575,100.0,100.0,2.259124422825406,2.126294690842788,1,0
gebco_monterey_canyon_complex,GEBCO Monterey,4,7,90.0,59,6670.5993547572725,6667.025276333455,6670.5993547572725,6667.025276333455,100.0,98.33333333333333,4.743750144635475,3.552390670029312,0,0
gebco_monterey_canyon_complex,GEBCO Monterey,4,8,90.0,59,6669.899548609204,6667.233997743291,6669.899548609204,6667.233997743291,97.5,98.33333333333333,4.424007426816473,3.535490471511857,0,0
gebco_monterey_canyon_complex,GEBCO Monterey,4,9,90.0,59,6665.627740793685,6665.269376097004,6665.627740793685,6665.269376097004,100.0,99.16666666666667,3.0985579079033045,2.9791030090097177,1,0
gebco_monterey_canyon_complex,GEBCO Monterey,4,10,90.0,59,6664.057958081221,6669.693969761637,6664.057958081221,6669.693969761637,100.0,98.33333333333333,2.302802816987023,4.181473377125878,0,0
gebco_monterey_canyon_complex,GEBCO Monterey,4,11,90.0,59,6676.439352653935,6672.56320050766,6676.439352653935,6672.56320050766,100.0,98.33333333333333,6.5659028571499585,5.273852141724958,0,0
gebco_monterey_canyon_complex,GEBCO Monterey,5,0,90.0,59,6656.620000000051,6656.620000000051,6656.620000000051,6656.620000000051,100.0,100.0,0.0,0.0,1,1
gebco_monterey_canyon_complex,GEBCO Monterey,5,1,90.0,59,6656.801295838315,6656.794836466897,6656.801295838315,6656.794836466897,100.0,100.0,0.01920273100468481,0.017049607198825756,1,0
gebco_monterey_canyon_complex,GEBCO Monterey,5,2,90.0,59,6656.963178664708,6656.895724632207,6656.963178664708,6656.895724632207,100.0,99.16666666666667,0.10622841970098301,0.08374374220057199,1,0
gebco_monterey_canyon_complex,GEBCO Monterey,5,3,90.0,59,6659.543155079144,6658.679443840021,6659.543155079144,6658.679443840021,100.0,100.0,0.9759895149065848,0.6880857685324459,1,0
gebco_monterey_canyon_complex,GEBCO Monterey,5,4,90.0,59,6662.828715135432,6660.563994431939,6662.828715135432,6660.563994431939,100.0,99.16666666666667,2.1075298253032364,1.3526229241392085,1,0
gebco_monterey_canyon_complex,GEBCO Monterey,5,5,90.0,59,6659.813592737584,6659.010237352084,6659.813592737584,6659.010237352084,100.0,99.16666666666667,1.1252197744837904,0.8574346459837304,1,0
gebco_monterey_canyon_complex,GEBCO Monterey,5,6,90.0,59,6660.297816446555,6661.391533144498,6660.297816446555,6661.391533144498,100.0,99.16666666666667,1.2754430709533586,1.6400153036009988,1,0
gebco_monterey_canyon_complex,GEBCO Monterey,5,7,90.0,59,6661.894034261684,6662.061431444682,6661.894034261684,6662.061431444682,100.0,98.33333333333333,1.7195663747324743,1.775365435731655,1,0
gebco_monterey_canyon_complex,GEBCO Monterey,5,8,90.0,59,6666.4872463993615,6667.275741903741,6666.4872463993615,6667.275741903741,97.5,99.16666666666667,3.351966896822005,3.614798731615149,0,0
gebco_monterey_canyon_complex,GEBCO Monterey,5,9,90.0,59,6668.221274285795,6666.419418148113,6668.221274285795,6666.419418148113,100.0,99.16666666666667,3.795092102391177,3.1944733898306827,0,0
gebco_monterey_canyon_complex,GEBCO Monterey,5,10,90.0,59,6671.039408575025,6667.684231205021,6671.039408575025,6667.684231205021,100.0,99.16666666666667,4.815245810812676,3.6968533541449182,0,0
gebco_monterey_canyon_complex,GEBCO Monterey,5,11,90.0,59,6672.728513537804,6701.215809303984,6672.728513537804,6701.215809303984,100.0,96.66666666666667,5.327915489168048,5.934791855672681,0,0
gebco_monterey_canyon_complex,GEBCO Monterey,6,0,90.0,59,6656.620000000051,6656.620000000051,6656.620000000051,6656.620000000051,100.0,100.0,0.0,0.0,1,1
gebco_monterey_canyon_complex,GEBCO Monterey,6,1,90.0,59,6656.563773632962,6656.773140912095,6656.563773632962,6656.773140912095,100.0,99.16666666666667,0.0006721797333435198,0.07046127277777407,1,0
gebco_monterey_canyon_complex,GEBCO Monterey,6,2,90.0,59,6657.941436955965,6657.805501270885,6657.941436955965,6657.805501270885,100.0,99.16666666666667,0.4674994186074173,0.4221875235805699,1,0
gebco_monterey_canyon_complex,GEBCO Monterey,6,3,90.0,59,6658.2473380274405,6658.621039045505,6658.2473380274405,6658.621039045505,100.0,99.16666666666667,0.5357494079003293,0.6603164139221493,1,0
gebco_monterey_canyon_complex,GEBCO Monterey,6,4,90.0,59,6660.171138660849,6659.378900976826,6660.171138660849,6659.378900976826,100.0,99.16666666666667,1.2133715631394297,0.949292335132135,1,0
gebco_monterey_canyon_complex,GEBCO Monterey,6,5,90.0,59,6659.1660708615245,6660.621171716143,6659.1660708615245,6660.621171716143,100.0,99.16666666666667,0.7918397624596253,1.2768733806656984,1,0
gebco_monterey_canyon_complex,GEBCO Monterey,6,6,90.0,59,6663.003498519635,6663.204175623167,6663.003498519635,6663.204175623167,100.0,99.16666666666667,2.182896639800792,2.249789007644767,1,0
gebco_monterey_canyon_complex,GEBCO Monterey,6,7,90.0,59,6666.419475522547,6664.12115162822,6666.419475522547,6664.12115162822,100.0,99.16666666666667,3.329055253995395,2.5629472892195766,1,0
gebco_monterey_canyon_complex,GEBCO Monterey,6,8,90.0,59,6664.760943369641,6663.242645981092,6664.760943369641,6663.242645981092,100.0,98.33333333333333,2.5697106725386836,2.063611543022586,1,0
gebco_monterey_canyon_complex,GEBCO Monterey,6,9,90.0,59,6663.583798794598,6667.130227416003,6663.583798794598,6667.130227416003,100.0,100.0,2.3713903785887895,3.553533252390838,0,0
gebco_monterey_canyon_complex,GEBCO Monterey,6,10,90.0,59,6672.62049015499,6668.097598329128,6672.62049015499,6668.097598329128,97.5,98.33333333333333,5.196822795450781,3.6891921868302378,0,0
gebco_monterey_canyon_complex,GEBCO Monterey,6,11,90.0,59,6667.430264413652,6669.5056062589865,6667.430264413652,6669.5056062589865,100.0,100.0,3.6222772946626183,4.314057909774118,0,0
gebco_monterey_canyon_complex,GEBCO Monterey,7,0,90.0,59,6656.620000000051,6656.620000000051,6656.620000000051,6656.620000000051,100.0,100.0,0.0,0.0,1,1
gebco_monterey_canyon_complex,GEBCO Monterey,7,1,90.0,59,6656.763115101732,6656.733735546427,6656.763115101732,6656.733735546427,100.0,99.16666666666667,0.02937955530559408,0.019586370203729386,1,0
gebco_monterey_canyon_complex,GEBCO Monterey,7,2,90.0,59,6657.71723749269,6657.348005284735,6657.71723749269,6657.348005284735,100.0,100.0,0.36923220795543366,0.2461548053036224,1,0
gebco_monterey_canyon_complex,GEBCO Monterey,7,3,90.0,59,6658.034106942799,6658.39355612451,6658.034106942799,6658.39355612451,100.0,99.16666666666667,0.4621006196575105,0.5819170135612424,1,0
gebco_monterey_canyon_complex,GEBCO Monterey,7,4,90.0,59,6658.931905223632,6659.7212413575735,6658.931905223632,6659.7212413575735,100.0,100.0,0.7988662629066806,1.061978307553907,1,0
gebco_monterey_canyon_complex,GEBCO Monterey,7,5,90.0,59,6659.304628962308,6660.754687390823,6659.304628962308,6660.754687390823,100.0,98.33333333333333,0.9032532211275267,1.3866060306327606,1,0
gebco_monterey_canyon_complex,GEBCO Monterey,7,6,90.0,59,6659.946577518658,6661.209517512537,6659.946577518658,6661.209517512537,100.0,99.16666666666667,1.1229365760279908,1.543916573987394,1,0
gebco_monterey_canyon_complex,GEBCO Monterey,7,7,90.0,59,6661.881793980388,6662.072643988173,6661.881793980388,6662.072643988173,97.5,98.33333333333333,1.6963579856242121,1.759974654885903,1,0
gebco_monterey_canyon_complex,GEBCO Monterey,7,8,90.0,59,6665.752385247663,6665.668299462688,6665.752385247663,6665.668299462688,100.0,100.0,3.063510485823523,3.0354818908316656,0,0
gebco_monterey_canyon_complex,GEBCO Monterey,7,9,90.0,59,6666.444664478326,6666.958673791871,6666.444664478326,6666.958673791871,100.0,97.5,3.32720022386647,3.4985366617147657,0,0
gebco_monterey_canyon_complex,GEBCO Monterey,7,10,90.0,59,6665.060756236752,6665.93518759112,6665.060756236752,6665.93518759112,97.5,98.33333333333333,2.7673731376103334,3.0588502557329282,0,0
gebco_monterey_canyon_complex,GEBCO Monterey,7,11,90.0,59,6670.046187627493,6695.063173522967,6670.046187627493,6695.063173522967,97.5,96.66666666666667,4.472784411026679,3.922890820629229,0,0
gebco_monterey_canyon_complex,GEBCO Monterey,8,0,90.0,59,6656.620000000051,6656.620000000051,6656.620000000051,6656.620000000051,100.0,100.0,0.0,0.0,1,1
gebco_monterey_canyon_complex,GEBCO Monterey,8,1,90.0,59,6656.736899181457,6656.730115129239,6656.736899181457,6656.730115129239,100.0,100.0,0.006784052219477865,0.004522701479651911,1,0
gebco_monterey_canyon_complex,GEBCO Monterey,8,2,90.0,59,6657.580121441095,6657.340177547,6657.580121441095,6657.340177547,100.0,100.0,0.30154194143919344,0.2215606434078128,1,0
gebco_monterey_canyon_complex,GEBCO Monterey,8,3,90.0,59,6658.866136051994,6659.228363832557,6658.866136051994,6659.228363832557,100.0,99.16666666666667,0.7855562405498193,0.9062988340710726,1,0
gebco_monterey_canyon_complex,GEBCO Monterey,8,4,90.0,59,6658.903765820741,6659.772386137747,6658.903765820741,6659.772386137747,100.0,100.0,0.7343833946173334,1.0239235002860838,1,0
gebco_monterey_canyon_complex,GEBCO Monterey,8,5,90.0,59,6663.723852585264,6662.132925170478,6663.723852585264,6662.132925170478,100.0,100.0,2.333014947909457,1.8027058096477624,1,0
gebco_monterey_canyon_complex,GEBCO Monterey,8,6,90.0,59,6661.376032430367,6662.090167152833,6661.376032430367,6662.090167152833,100.0,98.33333333333333,1.6465125163704766,1.884557423859086,1,0
gebco_monterey_canyon_complex,GEBCO Monterey,8,7,90.0,59,6664.9471816283485,6664.047259346199,6664.9471816283485,6664.047259346199,100.0,99.16666666666667,2.7691183007992937,2.4691442067492093,1,0
gebco_monterey_canyon_complex,GEBCO Monterey,8,8,90.0,59,6665.55981381182,6691.258120693127,6665.55981381182,6691.258120693127,97.5,96.66666666666667,2.822814395322053,2.500027800202426,0,0
gebco_monterey_canyon_complex,GEBCO Monterey,8,9,90.0,59,6668.361539475778,6667.741727465275,6668.361539475778,6667.741727465275,100.0,97.5,3.9238267348153633,3.7172227313143984,0,0
gebco_monterey_canyon_complex,GEBCO Monterey,8,10,90.0,59,6668.136494345322,6667.547599088926,6668.136494345322,6667.547599088926,100.0,97.5,3.841923446392022,3.6456250275936917,0,0
gebco_monterey_canyon_complex,GEBCO Monterey,8,11,90.0,59,6666.641900475865,6696.988823084598,6666.641900475865,6696.988823084598,97.5,96.66666666666667,3.441734839589773,4.668486820278607,0,0
gebco_monterey_canyon_complex,GEBCO Monterey,9,0,90.0,59,6656.620000000051,6656.620000000051,6656.620000000051,6656.620000000051,100.0,100.0,0.0,0.0,1,1
gebco_monterey_canyon_complex,GEBCO Monterey,9,1,90.0,59,6656.7732127287845,6656.73121356147,6656.7732127287845,6656.73121356147,100.0,100.0,0.041999167313578056,0.0279994448757187,1,0
gebco_monterey_canyon_complex,GEBCO Monterey,9,2,90.0,59,6659.123135292462,6658.63796438855,6659.123135292462,6658.63796438855,100.0,100.0,0.8587230532358651,0.6969994185984415,1,0
gebco_monterey_canyon_complex,GEBCO Monterey,9,3,90.0,59,6657.30790504512,6658.004455339264,6657.30790504512,6658.004455339264,100.0,99.16666666666667,0.2431811447087788,0.47536457609036015,1,0
gebco_monterey_canyon_complex,GEBCO Monterey,9,4,90.0,59,6659.36144831136,6659.805724960707,6659.36144831136,6659.805724960707,100.0,99.16666666666667,0.8987725898214294,1.0468648062705115,1,0
gebco_monterey_canyon_complex,GEBCO Monterey,9,5,90.0,59,6659.938766662794,6660.425977368074,6659.938766662794,6660.425977368074,100.0,100.0,1.0341947625249934,1.1965983309518264,1,0
gebco_monterey_canyon_complex,GEBCO Monterey,9,6,90.0,59,6664.547653548257,6662.590322908556,6664.547653548257,6662.590322908556,100.0,99.16666666666667,2.686343915934582,2.033900369367559,1,0
gebco_monterey_canyon_complex,GEBCO Monterey,9,7,90.0,59,6666.558904003997,6664.410693421268,6666.558904003997,6664.410693421268,100.0,98.33333333333333,3.2282238077677516,2.5121536135247675,1,0
gebco_monterey_canyon_complex,GEBCO Monterey,9,8,90.0,59,6829.512330506613,6694.233123329302,6829.512330506613,6694.233123329302,95.0,96.66666666666667,4.169926829308533,3.5213022146495754,0,0
gebco_monterey_canyon_complex,GEBCO Monterey,9,9,90.0,59,6668.501406095804,6696.377177487064,6668.501406095804,6696.377177487064,97.5,96.66666666666667,3.8485956398236905,4.251630548021535,0,0
gebco_monterey_canyon_complex,GEBCO Monterey,9,10,90.0,59,6829.588537812206,6667.939933052779,6829.588537812206,6667.939933052779,95.0,98.33333333333333,4.281031847996441,3.731496928187629,0,0
gebco_monterey_canyon_complex,GEBCO Monterey,9,11,90.0,59,6668.7067237551955,6693.949929575574,6668.7067237551955,6693.949929575574,97.5,96.66666666666667,4.106788509320057,3.6323015605576696,0,0
gebco_monterey_canyon_complex,GEBCO Monterey,10,0,90.0,59,6656.620000000051,6656.620000000051,6656.620000000051,6656.620000000051,100.0,100.0,0.0,0.0,1,1
gebco_monterey_canyon_complex,GEBCO Monterey,10,1,90.0,59,6656.7401770297465,6656.717362420661,6656.7401770297465,6656.717362420661,100.0,100.0,0.02281460908621205,0.015209739390808035,1,0
gebco_monterey_canyon_complex,GEBCO Monterey,10,2,90.0,59,6657.047495763138,6657.001116907903,6657.047495763138,6657.001116907903,100.0,100.0,0.14339282196543512,0.12793320355410912,1,0
gebco_monterey_canyon_complex,GEBCO Monterey,10,3,90.0,59,6659.293357510085,6659.114126039135,6659.293357510085,6659.114126039135,100.0,99.16666666666667,0.9360909824720286,0.8763471588220944,1,0
gebco_monterey_canyon_complex,GEBCO Monterey,10,4,90.0,59,6659.8999896587275,6659.024974227324,6659.8999896587275,6659.024974227324,100.0,99.16666666666667,1.058547519327122,0.7668757088592452,1,0
gebco_monterey_canyon_complex,GEBCO Monterey,10,5,90.0,59,6661.363838483953,6660.270483943426,6661.363838483953,6660.270483943426,100.0,100.0,1.5150029298050185,1.1505514162961092,1,0
gebco_monterey_canyon_complex,GEBCO Monterey,10,6,90.0,59,6663.802579621679,6664.0785682760115,6663.802579621679,6664.0785682760115,97.5,98.33333333333333,2.5412595752598683,2.633255793370898,1,0
gebco_monterey_canyon_complex,GEBCO Monterey,10,7,90.0,59,6662.277578616886,6664.987560874415,6662.277578616886,6664.987560874415,97.5,99.16666666666667,1.9366181885319564,2.8399456077083105,1,0
gebco_monterey_canyon_complex,GEBCO Monterey,10,8,90.0,59,6671.270288879645,6695.890534217297,6671.270288879645,6695.890534217297,97.5,96.66666666666667,4.807061246512085,4.124920803507214,0,0
gebco_monterey_canyon_complex,GEBCO Monterey,10,9,90.0,59,6665.389096284539,6669.389656953083,6665.389096284539,6669.389656953083,100.0,98.33333333333333,2.8070038175240866,4.14052404037219,0,0
gebco_monterey_canyon_complex,GEBCO Monterey,10,10,90.0,59,6671.176819062499,6669.278212946827,6671.176819062499,6669.278212946827,100.0,98.33333333333333,4.74396896623815,4.111100261014141,0,0
gebco_monterey_canyon_complex,GEBCO Monterey,10,11,90.0,59,6670.089828984317,6669.663489458674,6670.089828984317,6669.663489458674,100.0,98.33333333333333,4.481817755910953,4.339704580696593,0,0
gebco_monterey_canyon_complex,GEBCO Monterey,11,0,90.0,59,6656.620000000051,6656.620000000051,6656.620000000051,6656.620000000051,100.0,100.0,0.0,0.0,1,1
gebco_monterey_canyon_complex,GEBCO Monterey,11,1,90.0,59,6656.599977934797,6656.5836775869075,6656.599977934797,6656.5836775869075,100.0,99.16666666666667,0.01630034788954432,0.010866898593029545,1,0
gebco_monterey_canyon_complex,GEBCO Monterey,11,2,90.0,59,6656.747514871004,6657.829563359836,6656.747514871004,6657.829563359836,100.0,99.16666666666667,0.0,0.36068282961080383,1,0
gebco_monterey_canyon_complex,GEBCO Monterey,11,3,90.0,59,6657.547425687982,6657.461992789553,6657.547425687982,6657.461992789553,100.0,100.0,0.299626901348157,0.2711492685385578,1,0
gebco_monterey_canyon_complex,GEBCO Monterey,11,4,90.0,59,6660.5140252143565,6659.670859642737,6660.5140252143565,6659.670859642737,100.0,100.0,1.3537090607612474,1.0726538702214008,1,0
gebco_monterey_canyon_complex,GEBCO Monterey,11,5,90.0,59,6660.541383966244,6660.170120287434,6660.541383966244,6660.170120287434,100.0,99.16666666666667,1.3732094219200486,1.249454862316581,1,0
gebco_monterey_canyon_complex,GEBCO Monterey,11,6,90.0,59,6669.006080841044,6664.775812595044,6669.006080841044,6664.775812595044,97.5,97.5,4.298522232856724,2.8884328175233973,1,0
gebco_monterey_canyon_complex,GEBCO Monterey,11,7,90.0,59,6663.236919315802,6662.3743240168515,6663.236919315802,6662.3743240168515,100.0,100.0,2.128999758682041,1.8414679923654194,1,0
gebco_monterey_canyon_complex,GEBCO Monterey,11,8,90.0,59,6829.845473829944,6695.27940150155,6829.845473829944,6695.27940150155,95.0,96.66666666666667,4.532180016371349,4.12126701801779,0,0
gebco_monterey_canyon_complex,GEBCO Monterey,11,9,90.0,59,6663.914401046586,6667.384155332511,6663.914401046586,6667.384155332511,100.0,98.33333333333333,2.4793595876950123,3.635944349670111,0,0
gebco_monterey_canyon_complex,GEBCO Monterey,11,10,90.0,59,6667.251985095878,6695.949379593975,6667.251985095878,6695.949379593975,97.5,96.66666666666667,3.6587834549090825,4.335692732052934,0,0
gebco_monterey_canyon_complex,GEBCO Monterey,11,11,90.0,59,6827.477077598122,6768.364651143763,6827.477077598122,6768.364651143763,95.0,95.83333333333334,3.789271198850964,6.3073512696201455,0,0
usgs_southern_cascadia_30m_high,USGS High,0,0,135.0,12,80.48941465163915,80.6033656166378,80.48941465163915,80.6033656166378,98.35000000000001,98.55000000000001,2.1992509014473587,2.2372345564469054,1,1
usgs_southern_cascadia_30m_high,USGS High,0,1,135.0,12,81.2469102960994,81.50140942409283,81.2469102960994,81.50140942409283,98.4,98.57777777777777,2.3972232024723654,2.482056245136839,1,0
usgs_southern_cascadia_30m_high,USGS High,0,2,135.0,12,80.96129059670224,81.24859413432678,80.96129059670224,81.24859413432678,98.2,98.42777777777778,2.4210190977552877,2.516786943630131,1,0
usgs_southern_cascadia_30m_high,USGS High,0,3,135.0,12,80.01945568001409,80.09015017853804,80.01945568001409,80.09015017853804,98.25,98.45555555555555,2.1254055838068924,2.148970416648208,1,0
usgs_southern_cascadia_30m_high,USGS High,0,4,135.0,12,82.34160741682673,83.1891358343275,82.34160741682673,83.1891358343275,98.7,98.72222222222223,2.7553303105291875,3.0378397830294466,0,0
usgs_southern_cascadia_30m_high,USGS High,0,5,135.0,12,82.92903869799406,83.0132719479834,82.92903869799406,83.0132719479834,98.35000000000001,98.41111111111111,2.943691442556923,2.971769192553374,1,0
usgs_southern_cascadia_30m_high,USGS High,0,6,135.0,12,86.54370002696885,86.88987905279153,86.54370002696885,86.88987905279153,98.05,98.4888888888889,4.025753214900208,4.141146223507767,0,0
usgs_southern_cascadia_30m_high,USGS High,0,7,135.0,12,85.17847555436775,86.17898418141759,85.17847555436775,86.17898418141759,98.05,98.23333333333333,3.5608820564770776,3.8943849321603605,0,0
usgs_southern_cascadia_30m_high,USGS High,0,8,135.0,12,86.5585311881337,87.14076055883513,86.5585311881337,87.14076055883513,98.5,98.48333333333333,4.006779874251261,4.2008563311517335,0,0
usgs_southern_cascadia_30m_high,USGS High,0,9,135.0,12,84.4001201722274,84.56061322018448,84.4001201722274,84.56061322018448,98.1,98.58888888888889,3.5801685431763417,3.6336662258287014,0,0
usgs_southern_cascadia_30m_high,USGS High,0,10,135.0,12,81.0509598978467,81.4832525103991,81.0509598978467,81.4832525103991,98.4,98.42222222222222,2.6006626108303217,2.7447601483477877,1,0
usgs_southern_cascadia_30m_high,USGS High,0,11,135.0,12,82.97902833714105,83.08515140614966,82.97902833714105,83.08515140614966,98.1,98.4,3.0463651717453586,3.0817395280815676,0,0
usgs_southern_cascadia_30m_high,USGS High,1,0,135.0,12,80.48941465163915,80.6033656166378,80.48941465163915,80.6033656166378,98.35000000000001,98.55000000000001,2.1992509014473587,2.2372345564469054,1,1
usgs_southern_cascadia_30m_high,USGS High,1,1,135.0,12,80.53046316954612,80.70785190130292,80.53046316954612,80.70785190130292,98.35000000000001,98.53888888888889,2.203238519100943,2.2623680963532085,1,0
usgs_southern_cascadia_30m_high,USGS High,1,2,135.0,12,80.461359642811,80.54067164286819,80.461359642811,80.54067164286819,98.4,98.54444444444445,2.247032900780193,2.273470234132589,1,0
usgs_southern_cascadia_30m_high,USGS High,1,3,135.0,12,80.8308054944433,81.42250434764175,80.8308054944433,81.42250434764175,98.0,98.24444444444444,2.4410892204450083,2.638322171511157,1,0
usgs_southern_cascadia_30m_high,USGS High,1,4,135.0,12,80.01854205112353,80.0839106599933,80.01854205112353,80.0839106599933,98.25,98.37222222222223,2.173086132376946,2.194875668666868,1,0
usgs_southern_cascadia_30m_high,USGS High,1,5,135.0,12,82.53767926029764,82.92756965351519,82.53767926029764,82.92756965351519,98.4,98.53888888888889,2.8057581321037675,2.935721596509619,1,0
usgs_southern_cascadia_30m_high,USGS High,1,6,135.0,12,82.50005222750869,82.64254414445003,82.50005222750869,82.64254414445003,97.89999999999999,98.02222222222223,2.968252972774723,3.01575027842184,0,0
usgs_southern_cascadia_30m_high,USGS High,1,7,135.0,12,83.38519898509297,83.73405033797974,83.38519898509297,83.73405033797974,97.85000000000001,98.34444444444445,3.1103254253371557,3.226609209632748,0,0
usgs_southern_cascadia_30m_high,USGS High,1,8,135.0,12,87.57499044218017,87.8613509364272,87.57499044218017,87.8613509364272,98.0,98.11111111111111,4.4094851895101,4.504938687592441,0,0
usgs_southern_cascadia_30m_high,USGS High,1,9,135.0,12,84.81400745041174,85.1655844285745,84.81400745041174,85.1655844285745,97.85000000000001,98.17222222222223,3.5891117156067396,3.7063040416609963,0,0
usgs_southern_cascadia_30m_high,USGS High,1,10,135.0,12,85.57259728093078,85.83099341748492,85.57259728093078,85.83099341748492,97.95,98.13888888888889,3.8183097921318296,3.904441837649875,0,0
usgs_southern_cascadia_30m_high,USGS High,1,11,135.0,12,85.34438084457022,86.0840258042056,85.34438084457022,86.0840258042056,97.3,97.16666666666667,3.898187053611734,4.14473537349019,0,0
usgs_southern_cascadia_30m_high,USGS High,2,0,135.0,12,80.48941465163915,80.6033656166378,80.48941465163915,80.6033656166378,98.35000000000001,98.55000000000001,2.1992509014473587,2.2372345564469054,1,1
usgs_southern_cascadia_30m_high,USGS High,2,1,135.0,12,80.89044364987403,81.07127497075338,80.89044364987403,81.07127497075338,98.4,98.57777777777777,2.3348028827486997,2.3950799897084813,1,0
usgs_southern_cascadia_30m_high,USGS High,2,2,135.0,12,80.36217876991266,80.55774217442983,80.36217876991266,80.55774217442983,98.45,98.57777777777777,2.1949272438024043,2.2601150453081296,1,0
usgs_southern_cascadia_30m_high,USGS High,2,3,135.0,12,80.34663437370946,81.17095136447809,80.34663437370946,81.17095136447809,98.35000000000001,98.55555555555556,2.214029493274943,2.488801823531153,1,0
usgs_southern_cascadia_30m_high,USGS High,2,4,135.0,12,81.72967966014812,81.99654954055319,81.72967966014812,81.99654954055319,98.05,98.38333333333334,2.670595580764711,2.7595522075663994,1,0
usgs_southern_cascadia_30m_high,USGS High,2,5,135.0,12,83.00528932686488,83.36374799329025,83.00528932686488,83.36374799329025,98.2,98.57222222222222,2.9438091838172777,3.0632954059590647,0,0
usgs_southern_cascadia_30m_high,USGS High,2,6,135.0,12,80.15620272663077,80.55805175392962,80.15620272663077,80.55805175392962,97.85000000000001,98.33888888888889,2.3407720993696284,2.4747217751359116,1,0
usgs_southern_cascadia_30m_high,USGS High,2,7,135.0,12,83.02475890319351,83.71686891069204,83.02475890319351,83.71686891069204,98.45,98.48333333333333,3.0312021387281645,3.261905474561006,0,0
usgs_southern_cascadia_30m_high,USGS High,2,8,135.0,12,84.19282214039364,84.81084674417505,84.19282214039364,84.81084674417505,98.55000000000001,98.60555555555555,3.38807020939105,3.5940784106515204,0,0
usgs_southern_cascadia_30m_high,USGS High,2,9,135.0,12,82.76468387903284,83.00116028996385,82.76468387903284,83.00116028996385,97.85000000000001,97.92777777777778,3.28160256825326,3.3604280385635965,0,0
usgs_southern_cascadia_30m_high,USGS High,2,10,135.0,12,146.03054872412704,109.72664610993489,146.03054872412704,109.72664610993489,96.25,96.72222222222221,4.269409813261719,4.760701534456713,0,0
usgs_southern_cascadia_30m_high,USGS High,2,11,135.0,12,82.53351861507068,82.87025153798209,82.53351861507068,82.87025153798209,97.89999999999999,98.25,2.913740610748573,3.025984918385709,0,0
usgs_southern_cascadia_30m_high,USGS High,3,0,135.0,12,80.48941465163915,80.6033656166378,80.48941465163915,80.6033656166378,98.35000000000001,98.55000000000001,2.1992509014473587,2.2372345564469054,1,1
usgs_southern_cascadia_30m_high,USGS High,3,1,135.0,12,81.01463994306195,81.07348723432055,81.01463994306195,81.07348723432055,98.05,98.3,2.468455460136522,2.4880712238893876,1,0
usgs_southern_cascadia_30m_high,USGS High,3,2,135.0,12,80.25644046572054,80.66615606355188,80.25644046572054,80.66615606355188,98.2,98.32777777777778,2.176311241414603,2.312883107358383,1,0
usgs_southern_cascadia_30m_high,USGS High,3,3,135.0,12,80.92090092060975,81.14975207409225,80.92090092060975,81.14975207409225,98.4,98.55555555555556,2.32683834225401,2.4031220600815084,1,0
usgs_southern_cascadia_30m_high,USGS High,3,4,135.0,12,80.2453534775783,80.40710210432623,80.2453534775783,80.40710210432623,98.2,98.4,2.2739959929414457,2.3279122018574196,1,0
usgs_southern_cascadia_30m_high,USGS High,3,5,135.0,12,83.75377386740388,83.89077376146736,83.75377386740388,83.89077376146736,98.35000000000001,98.57222222222222,3.2235067829085393,3.2691734142630335,0,0
usgs_southern_cascadia_30m_high,USGS High,3,6,135.0,12,85.07390655259822,84.97593172224921,85.07390655259822,84.97593172224921,98.0,97.93888888888888,3.7923764681600245,3.759718191377022,0,0
usgs_southern_cascadia_30m_high,USGS High,3,7,135.0,12,82.57937381917053,82.74992284281238,82.57937381917053,82.74992284281238,98.35000000000001,98.22777777777777,3.078613930560523,3.135463605107808,0,0
usgs_southern_cascadia_30m_high,USGS High,3,8,135.0,12,83.8306738730298,83.61540024090576,83.8306738730298,83.61540024090576,97.95,98.02777777777779,3.394467768262569,3.322709890887889,0,0
usgs_southern_cascadia_30m_high,USGS High,3,9,135.0,12,83.46759424175288,83.45192172490349,83.46759424175288,83.45192172490349,98.05,98.32222222222222,3.048091688350998,3.0428675160678655,0,0
usgs_southern_cascadia_30m_high,USGS High,3,10,135.0,12,135.5966195653452,132.37086562776273,137.12455876326896,133.89880482568648,96.45,96.4888888888889,5.79706611697651,5.758851841486119,0,0
usgs_southern_cascadia_30m_high,USGS High,3,11,135.0,12,89.33210341194984,89.42226855833178,89.33210341194984,89.42226855833178,98.05,98.19444444444444,5.104668124007012,5.134723172800986,0,0
usgs_southern_cascadia_30m_high,USGS High,4,0,135.0,12,80.48941465163915,80.6033656166378,80.48941465163915,80.6033656166378,98.35000000000001,98.55000000000001,2.1992509014473587,2.2372345564469054,1,1
usgs_southern_cascadia_30m_high,USGS High,4,1,135.0,12,80.84541488412879,80.87552760778435,80.84541488412879,80.87552760778435,98.2,98.45555555555555,2.3363734787788917,2.3464110533307463,1,0
usgs_southern_cascadia_30m_high,USGS High,4,2,135.0,12,81.8118259379234,81.93053737129895,81.8118259379234,81.93053737129895,98.3,98.43888888888888,2.644462743145111,2.6840332209369633,1,0
usgs_southern_cascadia_30m_high,USGS High,4,3,135.0,12,81.43451868160979,81.71996248144413,81.43451868160979,81.71996248144413,98.05,98.27777777777777,2.6352648457684693,2.730412779046582,1,0
usgs_southern_cascadia_30m_high,USGS High,4,4,135.0,12,81.00352601641454,81.13299007433264,81.00352601641454,81.13299007433264,98.3,98.46666666666667,2.3803934692243156,2.423548155197014,1,0
usgs_southern_cascadia_30m_high,USGS High,4,5,135.0,12,83.77683269980757,83.8668186064504,83.77683269980757,83.8668186064504,97.89999999999999,97.9888888888889,3.328524011465045,3.3585193136793206,0,0
usgs_southern_cascadia_30m_high,USGS High,4,6,135.0,12,84.94946985072663,85.09216052941356,84.94946985072663,85.09216052941356,98.05,98.27222222222223,3.5990388786850165,3.6466024382473283,0,0
usgs_southern_cascadia_30m_high,USGS High,4,7,135.0,12,80.78732082938683,81.36043725340288,80.78732082938683,81.36043725340288,98.05,98.23333333333333,2.5163087499301366,2.7073475579354884,1,0
usgs_southern_cascadia_30m_high,USGS High,4,8,135.0,12,80.20934360269108,80.47231780335072,80.20934360269108,80.47231780335072,98.15,98.32777777777778,2.4149296346443747,2.502587701530921,1,0
usgs_southern_cascadia_30m_high,USGS High,4,9,135.0,12,84.05774397172667,84.13707605715221,84.05774397172667,84.13707605715221,98.25,98.51111111111112,3.2211926826602015,3.247636711135387,0,0
usgs_southern_cascadia_30m_high,USGS High,4,10,135.0,12,88.94005979673291,89.1453940266922,88.94005979673291,89.1453940266922,98.0,97.96666666666667,4.771552967691213,4.8399977110109775,0,0
usgs_southern_cascadia_30m_high,USGS High,4,11,135.0,12,88.52004627145162,88.48531722433648,88.52004627145162,88.48531722433648,98.35000000000001,98.41666666666666,4.428243350517604,4.416667001479226,0,0
usgs_southern_cascadia_30m_high,USGS High,5,0,135.0,12,80.48941465163915,80.6033656166378,80.48941465163915,80.6033656166378,98.35000000000001,98.55000000000001,2.1992509014473587,2.2372345564469054,1,1
usgs_southern_cascadia_30m_high,USGS High,5,1,135.0,12,80.03903743256849,80.21241733148598,80.03903743256849,80.21241733148598,98.3,98.39444444444445,2.0837657349868173,2.141559034625981,1,0
usgs_southern_cascadia_30m_high,USGS High,5,2,135.0,12,80.37714779021294,80.50466803592711,80.37714779021294,80.50466803592711,98.2,98.37777777777778,2.2143621357966916,2.2568688843680778,1,0
usgs_southern_cascadia_30m_high,USGS High,5,3,135.0,12,80.82839646949786,81.0446120104998,80.82839646949786,81.0446120104998,98.35000000000001,98.4888888888889,2.353244063524286,2.425315910524936,1,0
usgs_southern_cascadia_30m_high,USGS High,5,4,135.0,12,81.31857928153882,81.74989620316637,81.31857928153882,81.74989620316637,97.85000000000001,98.18333333333334,2.5259844570460688,2.669756764255257,1,0
usgs_southern_cascadia_30m_high,USGS High,5,5,135.0,12,80.47643505080808,80.90321056185824,80.47643505080808,80.90321056185824,98.15,98.58888888888889,2.3876861003489234,2.5299446040323135,1,0
usgs_southern_cascadia_30m_high,USGS High,5,6,135.0,12,82.3833712142566,82.72493991932117,82.3833712142566,82.72493991932117,98.55000000000001,98.66111111111111,2.7436779592168112,2.857534194238337,1,0
usgs_southern_cascadia_30m_high,USGS High,5,7,135.0,12,82.57958693637795,83.28215028387623,82.57958693637795,83.28215028387623,97.7,98.17222222222223,2.9833417405473277,3.217529523046753,0,0
usgs_southern_cascadia_30m_high,USGS High,5,8,135.0,12,84.91503472322707,85.10196094850362,84.91503472322707,85.10196094850362,98.25,98.51666666666667,3.5422550718176407,3.6045638135764904,0,0
usgs_southern_cascadia_30m_high,USGS High,5,9,135.0,12,83.90927868178991,84.1968097582018,83.90927868178991,84.1968097582018,97.39999999999999,97.6888888888889,3.5697284691113222,3.665572161248614,0,0
usgs_southern_cascadia_30m_high,USGS High,5,10,135.0,12,82.9522369106761,83.32593932589538,82.9522369106761,83.32593932589538,97.65,97.81666666666666,3.149885186535714,3.274452658275469,0,0
usgs_southern_cascadia_30m_high,USGS High,5,11,135.0,12,81.5078387988248,82.12758454558796,81.5078387988248,82.12758454558796,98.0,98.04444444444445,2.745244018206664,2.95182593379438,1,0
usgs_southern_cascadia_30m_high,USGS High,6,0,135.0,12,80.48941465163915,80.6033656166378,80.48941465163915,80.6033656166378,98.35000000000001,98.55000000000001,2.1992509014473587,2.2372345564469054,1,1
usgs_southern_cascadia_30m_high,USGS High,6,1,135.0,12,80.86074132151987,81.41899516974976,80.86074132151987,81.41899516974976,98.35000000000001,98.45,2.276590298518977,2.462674914595609,1,0
usgs_southern_cascadia_30m_high,USGS High,6,2,135.0,12,81.80044932859315,82.20657924351215,81.80044932859315,82.20657924351215,98.35000000000001,98.53333333333333,2.535542062769253,2.6709187010755873,1,0
usgs_southern_cascadia_30m_high,USGS High,6,3,135.0,12,80.92365155959594,81.36241214221192,80.92365155959594,81.36241214221192,98.5,98.53888888888889,2.3814813100887693,2.527734837627432,1,0
usgs_southern_cascadia_30m_high,USGS High,6,4,135.0,12,82.46759216626197,82.64462071807618,82.46759216626197,82.64462071807618,98.15,98.32777777777778,2.9014372251877765,2.960446742459182,1,0
usgs_southern_cascadia_30m_high,USGS High,6,5,135.0,12,80.47295754748306,80.99647824750662,80.47295754748306,80.99647824750662,98.0,98.23888888888888,2.306466948533466,2.4809738485413155,1,0
usgs_southern_cascadia_30m_high,USGS High,6,6,135.0,12,83.63935063682617,84.48822266729869,83.63935063682617,84.48822266729869,98.6,98.63333333333333,3.154304414731438,3.43726175822228,0,0
usgs_southern_cascadia_30m_high,USGS High,6,7,135.0,12,85.12621340658205,84.9683413891342,85.12621340658205,84.9683413891342,98.05,98.00555555555556,3.8096631139761956,3.757039108160243,0,0
usgs_southern_cascadia_30m_high,USGS High,6,8,135.0,12,88.11693370637896,87.80902013982839,88.11693370637896,87.80902013982839,97.2,97.36111111111111,4.666710276335774,4.564072420818915,0,0
usgs_southern_cascadia_30m_high,USGS High,6,9,135.0,12,87.89684940429656,87.8633749607799,87.89684940429656,87.8633749607799,97.7,97.91111111111111,4.371147890441246,4.359989742602358,0,0
usgs_southern_cascadia_30m_high,USGS High,6,10,135.0,12,84.62175544498437,85.1896121714802,84.62175544498437,85.1896121714802,97.05,97.48333333333333,3.650395228922421,3.839680804421033,0,0
usgs_southern_cascadia_30m_high,USGS High,6,11,135.0,12,82.79352794665051,83.03217498802388,82.79352794665051,83.03217498802388,97.3,97.66111111111111,3.027160838003589,3.1067098517947156,0,0
usgs_southern_cascadia_30m_high,USGS High,7,0,135.0,12,80.48941465163915,80.6033656166378,80.48941465163915,80.6033656166378,98.35000000000001,98.55000000000001,2.1992509014473587,2.2372345564469054,1,1
usgs_southern_cascadia_30m_high,USGS High,7,1,135.0,12,80.75584980219833,80.96348869013185,80.75584980219833,80.96348869013185,98.35000000000001,98.57777777777777,2.2993798266797625,2.368592789324274,1,0
usgs_southern_cascadia_30m_high,USGS High,7,2,135.0,12,80.23615093626009,80.52759443917189,80.23615093626009,80.52759443917189,98.2,98.41666666666666,2.1827478157985363,2.27989565010247,1,0
usgs_southern_cascadia_30m_high,USGS High,7,3,135.0,12,80.67294871213628,80.77430365138883,80.67294871213628,80.77430365138883,98.35000000000001,98.33888888888889,2.377369527444692,2.411154507195542,1,0
usgs_southern_cascadia_30m_high,USGS High,7,4,135.0,12,82.41211900743164,82.6393036679924,82.41211900743164,82.6393036679924,98.65,98.67777777777778,2.8452779343864707,2.9210061545733907,1,0
usgs_southern_cascadia_30m_high,USGS High,7,5,135.0,12,82.04557782769098,82.39205946561724,82.04557782769098,82.39205946561724,98.15,98.24444444444444,2.696023500908474,2.8115173802172317,1,0
usgs_southern_cascadia_30m_high,USGS High,7,6,135.0,12,85.22261016725984,85.25416537567938,85.22261016725984,85.25416537567938,98.0,98.09444444444443,3.7360660763958395,3.746584479202349,0,0
usgs_southern_cascadia_30m_high,USGS High,7,7,135.0,12,82.7845443563785,83.08167766483072,82.7845443563785,83.08167766483072,98.3,98.44444444444444,2.860149845206469,2.959194281357211,1,0
usgs_southern_cascadia_30m_high,USGS High,7,8,135.0,12,83.12661231979287,83.76158124056305,83.12661231979287,83.76158124056305,97.95,98.2,3.107136623132724,3.3187929300561145,0,0
usgs_southern_cascadia_30m_high,USGS High,7,9,135.0,12,83.72574008164294,84.65950296374393,83.72574008164294,84.65950296374393,98.3,98.25,3.434123296612238,3.745377590645904,0,0
usgs_southern_cascadia_30m_high,USGS High,7,10,135.0,12,82.9398344623872,82.77046031364257,82.9398344623872,82.77046031364257,98.2,98.42777777777778,3.107840582221622,3.0513825326400816,0,0
usgs_southern_cascadia_30m_high,USGS High,7,11,135.0,12,104.36553366456509,96.96321528476582,104.36553366456509,96.96321528476582,96.8,96.91111111111111,5.1795951803027425,5.675118683332698,0,0
usgs_southern_cascadia_30m_high,USGS High,8,0,135.0,12,80.48941465163915,80.6033656166378,80.48941465163915,80.6033656166378,98.35000000000001,98.55000000000001,2.1992509014473587,2.2372345564469054,1,1
usgs_southern_cascadia_30m_high,USGS High,8,1,135.0,12,79.90891558113886,80.01636751678603,79.90891558113886,80.01636751678603,98.35000000000001,98.52222222222223,2.1074241060926893,2.14324141797508,1,0
usgs_southern_cascadia_30m_high,USGS High,8,2,135.0,12,81.76035804805399,81.88439323400172,81.76035804805399,81.88439323400172,98.35000000000001,98.52777777777779,2.5635663236628554,2.6049113856454302,1,0
usgs_southern_cascadia_30m_high,USGS High,8,3,135.0,12,81.54335396998835,81.30484032215325,81.54335396998835,81.30484032215325,98.05,98.40555555555555,2.676028452185653,2.5965239029072884,1,0
usgs_southern_cascadia_30m_high,USGS High,8,4,135.0,12,79.6821306865539,80.06514323095351,79.6821306865539,80.06514323095351,98.3,98.52777777777779,2.154424678391287,2.282095526524487,1,0
usgs_southern_cascadia_30m_high,USGS High,8,5,135.0,12,82.42319265650343,82.49889333665581,82.42319265650343,82.49889333665581,98.1,98.21666666666667,3.02603173951955,3.0512652995703413,0,0
usgs_southern_cascadia_30m_high,USGS High,8,6,135.0,12,82.60986955230777,83.16532028613771,82.60986955230777,83.16532028613771,97.95,98.27222222222223,2.93042842888358,3.115578673493557,0,0
usgs_southern_cascadia_30m_high,USGS High,8,7,135.0,12,85.30914178192693,85.82156500367445,85.30914178192693,85.82156500367445,97.89999999999999,97.83888888888889,3.7892556810637292,3.9600634216462405,0,0
usgs_southern_cascadia_30m_high,USGS High,8,8,135.0,12,82.63464045544205,82.75480465729267,82.63464045544205,82.75480465729267,98.15,98.28333333333333,2.932001441566191,2.972056175516394,1,0
usgs_southern_cascadia_30m_high,USGS High,8,9,135.0,12,83.23504340768564,83.19219714994001,83.23504340768564,83.19219714994001,98.55000000000001,98.72777777777777,3.254413122607606,3.2401310366923997,0,0
usgs_southern_cascadia_30m_high,USGS High,8,10,135.0,12,84.68556146435981,84.73526300288987,84.68556146435981,84.73526300288987,97.5,97.67777777777778,3.984098047474405,4.0006652269844265,0,0
usgs_southern_cascadia_30m_high,USGS High,8,11,135.0,12,88.36371422661716,88.75648538134469,88.36371422661716,88.75648538134469,98.0,97.93333333333332,4.665246478286837,4.796170196529345,0,0
usgs_southern_cascadia_30m_high,USGS High,9,0,135.0,12,80.48941465163915,80.6033656166378,80.48941465163915,80.6033656166378,98.35000000000001,98.55000000000001,2.1992509014473587,2.2372345564469054,1,1
usgs_southern_cascadia_30m_high,USGS High,9,1,135.0,12,81.1039843509271,81.36916874052835,81.1039843509271,81.36916874052835,98.4,98.57222222222222,2.375751306137318,2.4641461026710645,1,0
usgs_southern_cascadia_30m_high,USGS High,9,2,135.0,12,82.11520247887474,82.36625313835526,82.11520247887474,82.36625313835526,98.3,98.59444444444443,2.642661937126794,2.7263454902869717,1,0
usgs_southern_cascadia_30m_high,USGS High,9,3,135.0,12,81.66832213894624,81.96344970833341,81.66832213894624,81.96344970833341,98.2,98.40555555555555,2.583585898814603,2.681961755276997,1,0
usgs_southern_cascadia_30m_high,USGS High,9,4,135.0,12,80.89190585757369,81.35831290514663,80.89190585757369,81.35831290514663,98.45,98.58888888888889,2.3208980174533065,2.476367033310954,1,0
usgs_southern_cascadia_30m_high,USGS High,9,5,135.0,12,81.36823936531947,81.63459208350736,81.36823936531947,81.63459208350736,98.7,98.62777777777778,2.5748335545165397,2.6636177939125036,1,0
usgs_southern_cascadia_30m_high,USGS High,9,6,135.0,12,81.91720584259951,82.46012908726134,81.91720584259951,82.46012908726134,97.7,97.83333333333334,2.709661631710051,2.8906360465973266,1,0
usgs_southern_cascadia_30m_high,USGS High,9,7,135.0,12,83.21642693896689,83.458296888017,83.21642693896689,83.458296888017,98.6,98.66111111111111,3.224672431976454,3.3052957483264906,0,0
usgs_southern_cascadia_30m_high,USGS High,9,8,135.0,12,82.08741887297353,82.19633496047922,82.08741887297353,82.19633496047922,98.45,98.46111111111111,2.7125026584911054,2.7488080209929993,1,0
usgs_southern_cascadia_30m_high,USGS High,9,9,135.0,12,148.38776511186055,123.01941688609863,148.38776511186055,123.01941688609863,96.25,96.57222222222222,4.755028303739664,4.891504821078301,0,0
usgs_southern_cascadia_30m_high,USGS High,9,10,135.0,12,120.62656473453836,121.34519094914937,120.62656473453836,121.34519094914937,96.7,96.68333333333334,7.454781354073981,7.249878981166566,0,0
usgs_southern_cascadia_30m_high,USGS High,9,11,135.0,12,86.17260148671802,86.73529620336167,86.72671388071166,87.2894085973553,97.45,97.51666666666667,4.275815590101763,4.463380495649646,0,0
usgs_southern_cascadia_30m_high,USGS High,10,0,135.0,12,80.48941465163915,80.6033656166378,80.48941465163915,80.6033656166378,98.35000000000001,98.55000000000001,2.1992509014473587,2.2372345564469054,1,1
usgs_southern_cascadia_30m_high,USGS High,10,1,135.0,12,80.83489284513999,81.16443874654166,80.83489284513999,81.16443874654166,98.4,98.51666666666667,2.2978857083914437,2.4077343421920006,1,0
usgs_southern_cascadia_30m_high,USGS High,10,2,135.0,12,80.92527959361092,81.05971194157298,80.92527959361092,81.05971194157298,98.35000000000001,98.53333333333333,2.381312632833462,2.4261234154874822,1,0
usgs_southern_cascadia_30m_high,USGS High,10,3,135.0,12,80.43664926411202,80.62439446995108,80.43664926411202,80.62439446995108,98.3,98.62777777777778,2.2403094780766453,2.302891213356333,1,0
usgs_southern_cascadia_30m_high,USGS High,10,4,135.0,12,81.44639493523492,81.71773652203736,81.44639493523492,81.71773652203736,97.8,98.12222222222222,2.5206166964323042,2.6110638920331164,1,0
usgs_southern_cascadia_30m_high,USGS High,10,5,135.0,12,80.99539189567102,81.02333240375498,80.99539189567102,81.02333240375498,98.2,98.18333333333334,2.4557577846365843,2.4650712873312357,1,0
usgs_southern_cascadia_30m_high,USGS High,10,6,135.0,12,80.38450079164619,80.57851695093777,80.38450079164619,80.57851695093777,98.0,98.13333333333333,2.4259883094978894,2.4906603625950843,1,0
usgs_southern_cascadia_30m_high,USGS High,10,7,135.0,12,81.18212198287546,81.26142050174136,81.18212198287546,81.26142050174136,98.0,98.27222222222223,2.555879403773837,2.5823122433958052,1,0
usgs_southern_cascadia_30m_high,USGS High,10,8,135.0,12,82.39081219775692,82.49200280156182,82.39081219775692,82.49200280156182,98.25,98.36111111111111,2.832179321801858,2.8659095230701626,1,0
usgs_southern_cascadia_30m_high,USGS High,10,9,135.0,12,84.7771667534347,84.77029102403043,84.7771667534347,84.77029102403043,98.2,98.17222222222223,3.5323486902206884,3.530056780419261,0,0
usgs_southern_cascadia_30m_high,USGS High,10,10,135.0,12,98.27563472824497,90.6144920202741,98.27563472824497,90.6144920202741,96.89999999999999,97.00555555555556,5.49745250289752,5.610404933574125,0,0
usgs_southern_cascadia_30m_high,USGS High,10,11,135.0,12,85.40451631324092,86.47402644514469,85.40451631324092,86.47402644514469,97.0,97.30555555555556,3.634572060020682,3.9910754373219386,0,0
usgs_southern_cascadia_30m_high,USGS High,11,0,135.0,12,80.48941465163915,80.6033656166378,80.48941465163915,80.6033656166378,98.35000000000001,98.55000000000001,2.1992509014473587,2.2372345564469054,1,1
usgs_southern_cascadia_30m_high,USGS High,11,1,135.0,12,81.30223062511975,81.44610239805016,81.30223062511975,81.44610239805016,98.55000000000001,98.61666666666666,2.445309940908447,2.4932671985519184,1,0
usgs_southern_cascadia_30m_high,USGS High,11,2,135.0,12,81.52711126609468,81.80791954537199,81.52711126609468,81.80791954537199,98.45,98.46111111111111,2.493871886597555,2.5874746463566596,1,0
usgs_southern_cascadia_30m_high,USGS High,11,3,135.0,12,80.10796150210444,80.56287491044432,80.10796150210444,80.56287491044432,98.15,98.4,2.194316516726123,2.3459543195060815,1,0
usgs_southern_cascadia_30m_high,USGS High,11,4,135.0,12,81.71472126163887,82.18657482257677,81.71472126163887,82.18657482257677,98.3,98.53333333333333,2.512904310494837,2.6701888308074717,1,0
usgs_southern_cascadia_30m_high,USGS High,11,5,135.0,12,83.14060594340685,83.42596329399142,83.14060594340685,83.42596329399142,98.05,98.4,2.9634462340927175,3.0585653509542388,0,0
usgs_southern_cascadia_30m_high,USGS High,11,6,135.0,12,81.94810915702263,82.32539988005453,81.94810915702263,82.32539988005453,98.6,98.67222222222222,2.7147101580898196,2.8404737324337894,1,0
usgs_southern_cascadia_30m_high,USGS High,11,7,135.0,12,87.06569454699753,87.81110695908234,87.06569454699753,87.81110695908234,97.8,98.02222222222223,4.249954224988773,4.498425029017043,0,0
usgs_southern_cascadia_30m_high,USGS High,11,8,135.0,12,82.38802889849396,83.53622158348361,82.38802889849396,83.53622158348361,97.7,98.0,2.9940748944750135,3.376805789471565,0,0
usgs_southern_cascadia_30m_high,USGS High,11,9,135.0,12,83.2316881038195,83.59204071204665,83.2316881038195,83.59204071204665,98.65,98.85555555555555,3.069728870251466,3.1898464063271854,0,0
usgs_southern_cascadia_30m_high,USGS High,11,10,135.0,12,120.81300930899087,100.34155421833461,120.81300930899087,100.34155421833461,96.6,96.86111111111111,5.027888623022192,5.167033222433301,0,0
usgs_southern_cascadia_30m_high,USGS High,11,11,135.0,12,88.90509610995568,89.47768178412477,88.90509610995568,89.47768178412477,97.75,97.89444444444445,4.7488680810554085,4.939729972445106,0,0
