scene_id,scene_label,terrain_class,method,method_label,method_family,radius_m,line_count,line_change_count,geometric_length_km,turn_arc_km,effective_length_km,turn_arc_share_pct,mission_time_h,path_gain_vs_fixed_pct,coverage_pct,excess_overlap_pct,feasible_C97_O3,effective_length_gain_vs_fixed_pct,mission_time_gain_vs_fixed_pct
gebco_cascadia_margin_moderate,GEBCO Cascadia,moderate_slope,Fixed-Spacing,Fixed,paper_reference,25.0,117,116,15166.70891059631,9.1106186954104,15175.81952929172,0.06003378386139524,2812.024101479098,0.0,100.0,0.7985185185185184,1,0.0,0.0
gebco_cascadia_margin_moderate,GEBCO Cascadia,moderate_slope,Fixed-Spacing,Fixed,paper_reference,50.0,117,116,15166.70891059631,18.2212373908208,15184.93014798713,0.11999552986574755,2815.39840469962,0.0,100.0,0.7985185185185184,1,0.0,0.0
gebco_cascadia_margin_moderate,GEBCO Cascadia,moderate_slope,Fixed-Spacing,Fixed,paper_reference,100.0,117,116,15166.70891059631,36.4424747816416,15203.15138537795,0.23970342633495811,2822.147011140665,0.0,100.0,0.7985185185185184,1,0.0,0.0
gebco_cascadia_margin_moderate,GEBCO Cascadia,moderate_slope,Fixed-Spacing,Fixed,paper_reference,200.0,117,116,15166.70891059631,72.8849495632832,15239.593860159594,0.47826044599406353,2835.6442240227548,0.0,100.0,0.7985185185185184,1,0.0,0.0
gebco_cascadia_margin_moderate,GEBCO Cascadia,moderate_slope,Min-Span Boustrophedon,Min-span,external_heuristic,25.0,84,83,15087.731050517965,6.518804756198821,15094.249855274164,0.04318733834872258,2796.4386407463635,0.5207316929724048,99.17222222222222,0.801318725,1,0.5374976544766816,0.5542434975765976
gebco_cascadia_margin_moderate,GEBCO Cascadia,moderate_slope,Min-Span Boustrophedon,Min-span,external_heuristic,50.0,84,83,15087.731050517965,13.037609512397642,15100.768660030362,0.08633738987675763,2798.853012878289,0.5207316929724048,99.17222222222222,0.801318725,1,0.5542434975766024,0.5876749732369185
gebco_cascadia_margin_moderate,GEBCO Cascadia,moderate_slope,Min-Span Boustrophedon,Min-span,external_heuristic,100.0,84,83,15087.731050517965,26.075219024795285,15113.80626954276,0.17252582545895065,2803.68175714214,0.5207316929724048,99.17222222222222,0.801318725,1,0.587674973236937,0.6542980902706991
gebco_cascadia_margin_moderate,GEBCO Cascadia,moderate_slope,Min-Span Boustrophedon,Min-span,external_heuristic,200.0,84,83,15087.731050517965,52.15043804959057,15139.881488567555,0.344457372991793,2813.339245669842,0.5207316929724048,99.17222222222222,0.801318725,1,0.6542980902707247,0.7865929782005587
gebco_cascadia_margin_moderate,GEBCO Cascadia,moderate_slope,Contour-Parallel Fixed-Width,Contour,external_heuristic,25.0,84,83,15087.731050517965,6.518804756198821,15094.249855274164,0.04318733834872258,2796.4386407463635,0.5207316929724048,99.17222222222222,0.801318725,1,0.5374976544766816,0.5542434975765976
gebco_cascadia_margin_moderate,GEBCO Cascadia,moderate_slope,Contour-Parallel Fixed-Width,Contour,external_heuristic,50.0,84,83,15087.731050517965,13.037609512397642,15100.768660030362,0.08633738987675763,2798.853012878289,0.5207316929724048,99.17222222222222,0.801318725,1,0.5542434975766024,0.5876749732369185
gebco_cascadia_margin_moderate,GEBCO Cascadia,moderate_slope,Contour-Parallel Fixed-Width,Contour,external_heuristic,100.0,84,83,15087.731050517965,26.075219024795285,15113.80626954276,0.17252582545895065,2803.68175714214,0.5207316929724048,99.17222222222222,0.801318725,1,0.587674973236937,0.6542980902706991
gebco_cascadia_margin_moderate,GEBCO Cascadia,moderate_slope,Contour-Parallel Fixed-Width,Contour,external_heuristic,200.0,84,83,15087.731050517965,52.15043804959057,15139.881488567555,0.344457372991793,2813.339245669842,0.5207316929724048,99.17222222222222,0.801318725,1,0.6542980902707247,0.7865929782005587
gebco_cascadia_margin_moderate,GEBCO Cascadia,moderate_slope,Geometry-Shortest Fixed-Width,Geom-short,external_heuristic,25.0,94,93,15065.836708169189,7.3042029195962686,15073.140911088785,0.048458400028774495,2792.675021112663,0.6650895920910439,100.0,0.09344585755555554,1,0.6765935638912255,0.6880837314394811
gebco_cascadia_margin_moderate,GEBCO Cascadia,moderate_slope,Geometry-Shortest Fixed-Width,Geom-short,external_heuristic,50.0,94,93,15065.836708169189,14.608405839192537,15080.445114008382,0.09686985847402234,2795.3802814532546,0.6650895920910439,100.0,0.09344585755555554,1,0.6880837314394781,0.7110227530480306
gebco_cascadia_margin_moderate,GEBCO Cascadia,moderate_slope,Geometry-Shortest Fixed-Width,Geom-short,external_heuristic,100.0,94,93,15065.836708169189,29.216811678385074,15095.053519847574,0.19355222318337365,2800.790802134437,0.6650895920910439,100.0,0.09344585755555554,1,0.7110227530480497,0.7567362338646004
gebco_cascadia_margin_moderate,GEBCO Cascadia,moderate_slope,Geometry-Shortest Fixed-Width,Geom-short,external_heuristic,200.0,94,93,15065.836708169189,58.43362335677015,15124.270331525959,0.3863566444919165,2811.6118434968016,0.6650895920910439,100.0,0.09344585755555554,1,0.7567362338646153,0.8475104289303222
gebco_cascadia_margin_moderate,GEBCO Cascadia,moderate_slope,Adaptive Spacing w/o GA,Adaptive,paper_reference,25.0,116,115,15038.223860078393,9.032078879070655,15047.255938957464,0.060024757442229265,2788.201484784543,0.8471518196551509,99.33333333333333,0.0,1,0.8471607749822623,0.8471697195633793
gebco_cascadia_margin_moderate,GEBCO Cascadia,moderate_slope,Adaptive Spacing w/o GA,Adaptive,paper_reference,50.0,116,115,15038.223860078393,18.06415775814131,15056.288017836534,0.11997749868188946,2791.546699184199,0.8471518196551509,99.33333333333333,0.0,1,0.8471697195633695,0.847187576564885
gebco_cascadia_margin_moderate,GEBCO Cascadia,moderate_slope,Adaptive Spacing w/o GA,Adaptive,paper_reference,100.0,116,115,15038.223860078393,36.12831551628262,15074.352175594675,0.23966745035169232,2798.2371279835106,0.8471518196551509,99.33333333333333,0.0,1,0.8471875765648951,0.8472231624634822
gebco_cascadia_margin_moderate,GEBCO Cascadia,moderate_slope,Adaptive Spacing w/o GA,Adaptive,paper_reference,200.0,116,115,15038.223860078393,72.25663103256524,15110.480491110959,0.478188837708183,2811.6179855821338,0.8471518196551509,99.33333333333333,0.0,1,0.8472231624634832,0.8472938261111066
gebco_cascadia_margin_moderate,GEBCO Cascadia,moderate_slope,Hybrid GA Seed-0,Hybrid s0,paper_reference,25.0,116,115,15038.151353299834,9.032078879070655,15047.183432178905,0.06002504667920278,2788.1880576033286,0.847629884995405,99.33333333333333,0.017754944001838673,1,0.8476385533218034,0.8476472112465888
gebco_cascadia_margin_moderate,GEBCO Cascadia,moderate_slope,Hybrid GA Seed-0,Hybrid s0,paper_reference,50.0,116,115,15038.151353299834,18.06415775814131,15056.215511057975,0.11997807646200444,2791.5332720029846,0.847629884995405,99.33333333333333,0.017754944001838673,1,0.8476472112465857,0.8476644959661319
gebco_cascadia_margin_moderate,GEBCO Cascadia,moderate_slope,Hybrid GA Seed-0,Hybrid s0,paper_reference,100.0,116,115,15038.151353299834,36.12831551628262,15074.279668816116,0.23966860314407326,2798.223700802296,0.847629884995405,99.33333333333333,0.017754944001838673,1,0.8476644959661486,0.8476989414063014
gebco_cascadia_margin_moderate,GEBCO Cascadia,moderate_slope,Hybrid GA Seed-0,Hybrid s0,paper_reference,200.0,116,115,15038.151353299834,72.25663103256524,15110.4079843324,0.47819113228104965,2811.6045584009194,0.847629884995405,99.33333333333333,0.017754944001838673,1,0.847698941406309,0.8477673404222695
gebco_monterey_canyon_complex,GEBCO Monterey,complex_relief,Fixed-Spacing,Fixed,paper_reference,25.0,73,72,6700.516576082025,5.654866776461628,6706.171442858486,0.08432332553149367,1242.9307980805459,0.0,99.33333333333333,0.8148148148148147,1,0.0,0.0
gebco_monterey_canyon_complex,GEBCO Monterey,complex_relief,Fixed-Spacing,Fixed,paper_reference,50.0,73,72,6700.516576082025,11.309733552923255,6711.826309634947,0.16850456241228903,1245.0251931829391,0.0,99.33333333333333,0.8148148148148147,1,0.0,0.0
gebco_monterey_canyon_complex,GEBCO Monterey,complex_relief,Fixed-Spacing,Fixed,paper_reference,100.0,73,72,6700.516576082025,22.61946710584651,6723.136043187871,0.3364422043603504,1249.2139833877256,0.0,99.33333333333333,0.8148148148148147,1,0.0,0.0
gebco_monterey_canyon_complex,GEBCO Monterey,complex_relief,Fixed-Spacing,Fixed,paper_reference,200.0,73,72,6700.516576082025,45.23893421169302,6745.755510293718,0.6706281326481586,1257.5915637972985,0.0,99.33333333333333,0.8148148148148147,1,0.0,0.0
gebco_monterey_canyon_complex,GEBCO Monterey,complex_relief,Min-Span Boustrophedon,Min-span,external_heuristic,25.0,59,58,6656.3676243300515,4.5553093477052,6660.922933677757,0.06838856106071227,1234.347822782493,0.6588887774647991,99.17777777777778,0.30069568518518475,1,0.6747293827227641,0.6905432958381494
gebco_monterey_canyon_complex,GEBCO Monterey,complex_relief,Min-Span Boustrophedon,Min-span,external_heuristic,50.0,59,58,6656.3676243300515,9.1106186954104,6665.478243025462,0.1366836461426223,1236.0349743927543,0.6588887774647991,99.17777777777778,0.30069568518518475,1,0.6905432958381555,0.7220913150521155
gebco_monterey_canyon_complex,GEBCO Monterey,complex_relief,Min-Span Boustrophedon,Min-span,external_heuristic,100.0,59,58,6656.3676243300515,18.2212373908208,6674.588861720872,0.2729941539219079,1239.4092776132766,0.6588887774647991,99.17777777777778,0.30069568518518475,1,0.7220913150521303,0.7848699986418527
gebco_monterey_canyon_complex,GEBCO Monterey,complex_relief,Min-Span Boustrophedon,Min-span,external_heuristic,200.0,59,58,6656.3676243300515,36.4424747816416,6692.8100991116935,0.5445018496263392,1246.1578840543214,0.6588887774647991,99.17777777777778,0.30069568518518475,1,0.7848699986418399,0.909172745120293
gebco_monterey_canyon_complex,GEBCO Monterey,complex_relief,Contour-Parallel Fixed-Width,Contour,external_heuristic,25.0,65,64,6669.139443203906,5.026548245743669,6674.1659914496495,0.07531350362252359,1236.8875073509987,0.4682793113313309,99.99444444444444,0.0,1,0.4772537010356349,0.4862129684838277
gebco_monterey_canyon_complex,GEBCO Monterey,complex_relief,Contour-Parallel Fixed-Width,Contour,external_heuristic,50.0,65,64,6669.139443203906,10.053096491487338,6679.192539695393,0.15051365014169532,1238.7491918864594,0.4682793113313309,99.99444444444444,0.0,1,0.486212968483825,0.5040862892448789
gebco_monterey_canyon_complex,GEBCO Monterey,complex_relief,Contour-Parallel Fixed-Width,Contour,external_heuristic,100.0,65,64,6669.139443203906,20.106192982974676,6689.245636186881,0.30057489403896304,1242.4725609573804,0.4682793113313309,99.99444444444444,0.0,1,0.5040862892448728,0.5396531354911064
gebco_monterey_canyon_complex,GEBCO Monterey,complex_relief,Contour-Parallel Fixed-Width,Contour,external_heuristic,200.0,65,64,6669.139443203906,40.21238596594935,6709.351829169856,0.599348297567588,1249.919299099223,0.4682793113313309,99.99444444444444,0.0,1,0.5396531354910754,0.6100760309578586
gebco_monterey_canyon_complex,GEBCO Monterey,complex_relief,Geometry-Shortest Fixed-Width,Geom-short,external_heuristic,25.0,59,58,6656.3676243300515,4.5553093477052,6660.922933677757,0.06838856106071227,1234.347822782493,0.6588887774647991,99.17777777777778,0.30069568518518475,1,0.6747293827227641,0.6905432958381494
gebco_monterey_canyon_complex,GEBCO Monterey,complex_relief,Geometry-Shortest Fixed-Width,Geom-short,external_heuristic,50.0,59,58,6656.3676243300515,9.1106186954104,6665.478243025462,0.1366836461426223,1236.0349743927543,0.6588887774647991,99.17777777777778,0.30069568518518475,1,0.6905432958381555,0.7220913150521155
gebco_monterey_canyon_complex,GEBCO Monterey,complex_relief,Geometry-Shortest Fixed-Width,Geom-short,external_heuristic,100.0,59,58,6656.3676243300515,18.2212373908208,6674.588861720872,0.2729941539219079,1239.4092776132766,0.6588887774647991,99.17777777777778,0.30069568518518475,1,0.7220913150521303,0.7848699986418527
gebco_monterey_canyon_complex,GEBCO Monterey,complex_relief,Geometry-Shortest Fixed-Width,Geom-short,external_heuristic,200.0,59,58,6656.3676243300515,36.4424747816416,6692.8100991116935,0.5445018496263392,1246.1578840543214,0.6588887774647991,99.17777777777778,0.30069568518518475,1,0.7848699986418399,0.909172745120293
gebco_monterey_canyon_complex,GEBCO Monterey,complex_relief,Adaptive Spacing w/o GA,Adaptive,paper_reference,25.0,59,58,6656.620000000051,4.5553093477052,6661.175309347756,0.06838596998509626,1234.394559017678,0.6551222668214232,100.0,0.0,1,0.6709660481264189,0.6867831319370654
gebco_monterey_canyon_complex,GEBCO Monterey,complex_relief,Adaptive Spacing w/o GA,Adaptive,paper_reference,50.0,59,58,6656.620000000051,9.1106186954104,6665.730618695461,0.13667847107198916,1236.0817106279392,0.6551222668214232,100.0,0.0,1,0.6867831319370573,0.7183374765401896
gebco_monterey_canyon_complex,GEBCO Monterey,complex_relief,Adaptive Spacing w/o GA,Adaptive,paper_reference,100.0,59,58,6656.620000000051,18.2212373908208,6674.841237390871,0.272983832016105,1239.4560138484617,0.6551222668214232,100.0,0.0,1,0.7183374765401903,0.7811287472784662
gebco_monterey_canyon_complex,GEBCO Monterey,complex_relief,Adaptive Spacing w/o GA,Adaptive,paper_reference,200.0,59,58,6656.620000000051,36.4424747816416,6693.062474781693,0.5444813180655428,1246.2046202895062,0.6551222668214232,100.0,0.0,1,0.7811287472784576,0.9054564165021397
gebco_monterey_canyon_complex,GEBCO Monterey,complex_relief,Hybrid GA Seed-0,Hybrid s0,paper_reference,25.0,59,58,6656.620000000051,4.5553093477052,6661.175309347756,0.06838596998509626,1234.394559017678,0.6551222668214232,100.0,0.0,1,0.6709660481264189,0.6867831319370654
gebco_monterey_canyon_complex,GEBCO Monterey,complex_relief,Hybrid GA Seed-0,Hybrid s0,paper_reference,50.0,59,58,6656.620000000051,9.1106186954104,6665.730618695461,0.13667847107198916,1236.0817106279392,0.6551222668214232,100.0,0.0,1,0.6867831319370573,0.7183374765401896
gebco_monterey_canyon_complex,GEBCO Monterey,complex_relief,Hybrid GA Seed-0,Hybrid s0,paper_reference,100.0,59,58,6656.620000000051,18.2212373908208,6674.841237390871,0.272983832016105,1239.4560138484617,0.6551222668214232,100.0,0.0,1,0.7183374765401903,0.7811287472784662
gebco_monterey_canyon_complex,GEBCO Monterey,complex_relief,Hybrid GA Seed-0,Hybrid s0,paper_reference,200.0,59,58,6656.620000000051,36.4424747816416,6693.062474781693,0.5444813180655428,1246.2046202895062,0.6551222668214232,100.0,0.0,1,0.7811287472784576,0.9054564165021397
gebco_mariana_trench_complex,GEBCO Mariana,complex_relief,Fixed-Spacing,Fixed,paper_reference,25.0,146,145,32015.95814679676,11.388273369262999,32027.34642016602,0.0355579673066276,5933.099017321349,0.0,99.33333333333333,0.6814814814814812,1,0.0,0.0
gebco_mariana_trench_complex,GEBCO Mariana,complex_relief,Fixed-Spacing,Fixed,paper_reference,50.0,146,145,32015.95814679676,22.776546738525997,32038.734693535283,0.07109065622095809,5937.316896347002,0.0,99.33333333333333,0.6814814814814812,1,0.0,0.0
gebco_mariana_trench_complex,GEBCO Mariana,complex_relief,Fixed-Spacing,Fixed,paper_reference,100.0,146,145,32015.95814679676,45.553093477051995,32061.51124027381,0.14208030661957957,5945.752654398308,0.0,99.33333333333333,0.6814814814814812,1,0.0,0.0
gebco_mariana_trench_complex,GEBCO Mariana,complex_relief,Fixed-Spacing,Fixed,paper_reference,200.0,146,145,32015.95814679676,91.10618695410399,32107.064333750863,0.2837574497844495,5962.62417050092,0.0,99.33333333333333,0.6814814814814812,1,0.0,0.0
gebco_mariana_trench_complex,GEBCO Mariana,complex_relief,Min-Span Boustrophedon,Min-span,external_heuristic,25.0,143,142,32053.49478182701,11.152653920243765,32064.64743574725,0.03478177623063535,5939.962979568055,-0.11724351605577599,98.33888888888889,1.1066834935185186,1,-0.11646614456245832,-0.11568932570764957
gebco_mariana_trench_complex,GEBCO Mariana,complex_relief,Min-Span Boustrophedon,Min-span,external_heuristic,50.0,143,142,32053.49478182701,22.30530784048753,32075.800089667497,0.06953936543479297,5944.0935921311075,-0.11724351605577599,98.33888888888889,1.1066834935185186,1,-0.11568932570764785,-0.1141373435579176
gebco_mariana_trench_complex,GEBCO Mariana,complex_relief,Min-Span Boustrophedon,Min-span,external_heuristic,100.0,143,142,32053.49478182701,44.61061568097506,32098.105397507985,0.13898208361057507,5952.354817257215,-0.11724351605577599,98.33888888888889,1.1066834935185186,1,-0.1141373435579318,-0.11103998505593807
gebco_mariana_trench_complex,GEBCO Mariana,complex_relief,Min-Span Boustrophedon,Min-span,external_heuristic,200.0,143,142,32053.49478182701,89.22123136195012,32142.716013188958,0.2775783830008031,5968.877267509428,-0.11724351605577599,98.33888888888889,1.1066834935185186,1,-0.1110399850559307,-0.10487156040194966
gebco_mariana_trench_complex,GEBCO Mariana,complex_relief,Contour-Parallel Fixed-Width,Contour,external_heuristic,25.0,186,185,31974.88194133568,14.529866022852792,31989.411807358534,0.045420860221976576,5926.655865440998,0.12829916028981433,99.99444444444444,0.01969394101851852,1,0.11844444528692258,0.10859673606558602
gebco_mariana_trench_complex,GEBCO Mariana,complex_relief,Contour-Parallel Fixed-Width,Contour,external_heuristic,50.0,186,185,31974.88194133568,29.059732045705584,32003.941673381385,0.09080047808572096,5932.037297301313,0.12829916028981433,99.99444444444444,0.01969394101851852,1,0.10859673606560645,0.08892230510615347
gebco_mariana_trench_complex,GEBCO Mariana,complex_relief,Contour-Parallel Fixed-Width,Contour,external_heuristic,100.0,186,185,31974.88194133568,58.11946409141117,32033.00140542709,0.1814362112242297,5942.800161021944,0.12829916028981433,99.99444444444444,0.01969394101851852,1,0.0889223051061478,0.049657184682567655
gebco_mariana_trench_complex,GEBCO Mariana,complex_relief,Contour-Parallel Fixed-Width,Contour,external_heuristic,200.0,186,185,31974.88194133568,116.23892818282233,32091.1208695185,0.362215232853493,5964.325888463208,0.12829916028981433,99.99444444444444,0.01969394101851852,1,0.04965718468256709,-0.02853974883587366
gebco_mariana_trench_complex,GEBCO Mariana,complex_relief,Geometry-Shortest Fixed-Width,Geom-short,external_heuristic,25.0,155,154,31935.510702280895,12.095131716320704,31947.605833997215,0.037859274272908444,5918.463141798802,0.25127295627699936,99.99444444444444,0.06046681481481475,1,0.248976562474739,0.24668180119391012
gebco_mariana_trench_complex,GEBCO Mariana,complex_relief,Geometry-Shortest Fixed-Width,Geom-short,external_heuristic,50.0,155,154,31935.510702280895,24.19026343264141,31959.700965713535,0.07568989290166638,5922.942820212254,0.25127295627699936,99.99444444444444,0.06046681481481475,1,0.24668180119390218,0.24209716923802674
gebco_mariana_trench_complex,GEBCO Mariana,complex_relief,Geometry-Shortest Fixed-Width,Geom-short,external_heuristic,100.0,155,154,31935.510702280895,48.38052686528282,31983.89122914618,0.15126529326486318,5931.902177039159,0.25127295627699936,99.99444444444444,0.06046681481481475,1,0.2420971692380131,0.23294741917833992
gebco_mariana_trench_complex,GEBCO Mariana,complex_relief,Geometry-Shortest Fixed-Width,Geom-short,external_heuristic,200.0,155,154,31935.510702280895,96.76105373056564,32032.27175601146,0.30207365393123137,5949.820890692967,0.25127295627699936,99.99444444444444,0.06046681481481475,1,0.23294741917833767,0.21472558795999716
gebco_mariana_trench_complex,GEBCO Mariana,complex_relief,Adaptive Spacing w/o GA,Adaptive,paper_reference,25.0,145,144,31797.663364969383,11.309733552923255,31808.973098522307,0.035555167146998065,5892.64496890282,0.681831169401425,99.33333333333333,0.0,1,0.6818339514578555,0.681836731536501
gebco_mariana_trench_complex,GEBCO Mariana,complex_relief,Adaptive Spacing w/o GA,Adaptive,paper_reference,50.0,145,144,31797.663364969383,22.61946710584651,31820.28283207523,0.0710850598821385,5896.833759107606,0.681831169401425,99.33333333333333,0.0,1,0.6818367315365038,0.6818422857689007
gebco_mariana_trench_complex,GEBCO Mariana,complex_relief,Adaptive Spacing w/o GA,Adaptive,paper_reference,100.0,145,144,31797.663364969383,45.23893421169302,31842.902299181074,0.14206912983825742,5905.211339517179,0.681831169401425,99.33333333333333,0.0,1,0.6818422857688956,0.681853370592847
gebco_mariana_trench_complex,GEBCO Mariana,complex_relief,Adaptive Spacing w/o GA,Adaptive,paper_reference,200.0,145,144,31797.663364969383,90.47786842338604,31888.14123339277,0.28373515960421997,5921.966500336325,0.681831169401425,99.33333333333333,0.0,1,0.6818533705928452,0.6818754461457
gebco_mariana_trench_complex,GEBCO Mariana,complex_relief,Hybrid GA Seed-0,Hybrid s0,paper_reference,25.0,145,144,31797.663364969383,11.309733552923255,31808.973098522307,0.035555167146998065,5892.64496890282,0.681831169401425,99.33333333333333,0.0,1,0.6818339514578555,0.681836731536501
gebco_mariana_trench_complex,GEBCO Mariana,complex_relief,Hybrid GA Seed-0,Hybrid s0,paper_reference,50.0,145,144,31797.663364969383,22.61946710584651,31820.28283207523,0.0710850598821385,5896.833759107606,0.681831169401425,99.33333333333333,0.0,1,0.6818367315365038,0.6818422857689007
gebco_mariana_trench_complex,GEBCO Mariana,complex_relief,Hybrid GA Seed-0,Hybrid s0,paper_reference,100.0,145,144,31797.663364969383,45.23893421169302,31842.902299181074,0.14206912983825742,5905.211339517179,0.681831169401425,99.33333333333333,0.0,1,0.6818422857688956,0.681853370592847
gebco_mariana_trench_complex,GEBCO Mariana,complex_relief,Hybrid GA Seed-0,Hybrid s0,paper_reference,200.0,145,144,31797.663364969383,90.47786842338604,31888.14123339277,0.28373515960421997,5921.966500336325,0.681831169401425,99.33333333333333,0.0,1,0.6818533705928452,0.6818754461457
gebco_puerto_rico_trench_complex,GEBCO Puerto Rico,complex_relief,Fixed-Spacing,Fixed,paper_reference,25.0,146,145,30861.81643020727,11.388273369262999,30873.20470357653,0.0368872408245449,5719.369069804776,0.0,99.42222222222222,0.43856848827903316,1,0.0,0.0
gebco_puerto_rico_trench_complex,GEBCO Puerto Rico,complex_relief,Fixed-Spacing,Fixed,paper_reference,50.0,146,145,30861.81643020727,22.776546738525997,30884.592976945794,0.07374727831293697,5723.58694883043,0.0,99.42222222222222,0.43856848827903316,1,0.0,0.0
gebco_puerto_rico_trench_complex,GEBCO Puerto Rico,complex_relief,Fixed-Spacing,Fixed,paper_reference,100.0,146,145,30861.81643020727,45.553093477051995,30907.36952368432,0.1473858635628783,5732.022706881735,0.0,99.42222222222222,0.43856848827903316,1,0.0,0.0
gebco_puerto_rico_trench_complex,GEBCO Puerto Rico,complex_relief,Fixed-Spacing,Fixed,paper_reference,200.0,146,145,30861.81643020727,91.10618695410399,30952.922617161374,0.294337914648459,5748.894222984347,0.0,99.42222222222222,0.43856848827903316,1,0.0,0.0
gebco_puerto_rico_trench_complex,GEBCO Puerto Rico,complex_relief,Min-Span Boustrophedon,Min-span,external_heuristic,25.0,137,136,30709.749701577,10.681415022205298,30720.431116599204,0.03476974324241758,5690.946765115077,0.4927342140543256,98.57777777777777,0.0,1,0.4948420108769259,0.4969482532566973
gebco_puerto_rico_trench_complex,GEBCO Puerto Rico,complex_relief,Min-Span Boustrophedon,Min-span,external_heuristic,50.0,137,136,30709.749701577,21.362830044410597,30731.11253162141,0.06951531618788248,5694.90284475293,0.4927342140543256,98.57777777777777,0.0,1,0.4969482532567373,0.5011560815610772
gebco_puerto_rico_trench_complex,GEBCO Puerto Rico,complex_relief,Min-Span Boustrophedon,Min-span,external_heuristic,100.0,137,136,30709.749701577,42.72566008882119,30752.47536166582,0.138934051930273,5702.815004028637,0.4927342140543256,98.57777777777777,0.0,1,0.5011560815610795,0.5095531603186332
gebco_puerto_rico_trench_complex,GEBCO Puerto Rico,complex_relief,Min-Span Boustrophedon,Min-span,external_heuristic,200.0,137,136,30709.749701577,85.45132017764239,30795.20102175464,0.27748258606033144,5718.639322580054,0.4927342140543256,98.57777777777777,0.0,1,0.5095531603186513,0.5262733880775288
gebco_puerto_rico_trench_complex,GEBCO Puerto Rico,complex_relief,Contour-Parallel Fixed-Width,Contour,external_heuristic,25.0,146,145,30861.81643020727,11.388273369262999,30873.20470357653,0.0368872408245449,5719.369069804776,0.0,99.42222222222222,0.43856848827903316,1,0.0,0.0
gebco_puerto_rico_trench_complex,GEBCO Puerto Rico,complex_relief,Contour-Parallel Fixed-Width,Contour,external_heuristic,50.0,146,145,30861.81643020727,22.776546738525997,30884.592976945794,0.07374727831293697,5723.58694883043,0.0,99.42222222222222,0.43856848827903316,1,0.0,0.0
gebco_puerto_rico_trench_complex,GEBCO Puerto Rico,complex_relief,Contour-Parallel Fixed-Width,Contour,external_heuristic,100.0,146,145,30861.81643020727,45.553093477051995,30907.36952368432,0.1473858635628783,5732.022706881735,0.0,99.42222222222222,0.43856848827903316,1,0.0,0.0
gebco_puerto_rico_trench_complex,GEBCO Puerto Rico,complex_relief,Contour-Parallel Fixed-Width,Contour,external_heuristic,200.0,146,145,30861.81643020727,91.10618695410399,30952.922617161374,0.294337914648459,5748.894222984347,0.0,99.42222222222222,0.43856848827903316,1,0.0,0.0
gebco_puerto_rico_trench_complex,GEBCO Puerto Rico,complex_relief,Geometry-Shortest Fixed-Width,Geom-short,external_heuristic,25.0,137,136,30709.749701577,10.681415022205298,30720.431116599204,0.03476974324241758,5690.946765115077,0.4927342140543256,98.57777777777777,0.0,1,0.4948420108769259,0.4969482532566973
gebco_puerto_rico_trench_complex,GEBCO Puerto Rico,complex_relief,Geometry-Shortest Fixed-Width,Geom-short,external_heuristic,50.0,137,136,30709.749701577,21.362830044410597,30731.11253162141,0.06951531618788248,5694.90284475293,0.4927342140543256,98.57777777777777,0.0,1,0.4969482532567373,0.5011560815610772
gebco_puerto_rico_trench_complex,GEBCO Puerto Rico,complex_relief,Geometry-Shortest Fixed-Width,Geom-short,external_heuristic,100.0,137,136,30709.749701577,42.72566008882119,30752.47536166582,0.138934051930273,5702.815004028637,0.4927342140543256,98.57777777777777,0.0,1,0.5011560815610795,0.5095531603186332
gebco_puerto_rico_trench_complex,GEBCO Puerto Rico,complex_relief,Geometry-Shortest Fixed-Width,Geom-short,external_heuristic,200.0,137,136,30709.749701577,85.45132017764239,30795.20102175464,0.27748258606033144,5718.639322580054,0.4927342140543256,98.57777777777777,0.0,1,0.5095531603186513,0.5262733880775288
gebco_puerto_rico_trench_complex,GEBCO Puerto Rico,complex_relief,Adaptive Spacing w/o GA,Adaptive,paper_reference,25.0,137,136,30709.76,10.681415022205298,30720.441415022204,0.034769731586545886,5690.948672230446,0.49270084458943014,99.40555555555555,0.0,1,0.49480865372110544,0.4969149084008928
gebco_puerto_rico_trench_complex,GEBCO Puerto Rico,complex_relief,Adaptive Spacing w/o GA,Adaptive,paper_reference,50.0,137,136,30709.76,21.362830044410597,30731.12283004441,0.0695152928923415,5694.9047518683,0.49270084458943014,99.40555555555555,0.0,1,0.496914908400914,0.5011227612780587
gebco_puerto_rico_trench_complex,GEBCO Puerto Rico,complex_relief,Adaptive Spacing w/o GA,Adaptive,paper_reference,100.0,137,136,30709.76,42.72566008882119,30752.48566008882,0.1389340054038994,5702.8169111440075,0.49270084458943014,99.40555555555555,0.0,1,0.5011227612780581,0.5095198890727278
gebco_puerto_rico_trench_complex,GEBCO Puerto Rico,complex_relief,Adaptive Spacing w/o GA,Adaptive,paper_reference,200.0,137,136,30709.76,85.45132017764239,30795.21132017764,0.2774824932656103,5718.641229695423,0.49270084458943014,99.40555555555555,0.0,1,0.5095198890727429,0.5262402144741316
gebco_puerto_rico_trench_complex,GEBCO Puerto Rico,complex_relief,Hybrid GA Seed-0,Hybrid s0,paper_reference,25.0,137,136,30709.741952307213,10.681415022205298,30720.42336732942,0.03476975201313397,5690.945330065117,0.49275932362557556,98.59444444444443,0.09476696843461241,1,0.49486711118594784,0.49697334431032536
gebco_puerto_rico_trench_complex,GEBCO Puerto Rico,complex_relief,Hybrid GA Seed-0,Hybrid s0,paper_reference,50.0,137,136,30709.741952307213,21.362830044410597,30731.104782351624,0.06951533371712339,5694.901409702969,0.49275932362557556,98.59444444444443,0.09476696843461241,1,0.4969733443103618,0.5011811541243723
gebco_puerto_rico_trench_complex,GEBCO Puerto Rico,complex_relief,Hybrid GA Seed-0,Hybrid s0,paper_reference,100.0,137,136,30709.741952307213,42.72566008882119,30752.467612396034,0.13893408694006357,5702.813568978677,0.49275932362557556,98.59444444444443,0.09476696843461241,1,0.501181154124371,0.5095781959828982
gebco_puerto_rico_trench_complex,GEBCO Puerto Rico,complex_relief,Hybrid GA Seed-0,Hybrid s0,paper_reference,200.0,137,136,30709.741952307213,85.45132017764239,30795.193272484856,0.2774826558857552,5718.637887530093,0.49275932362557556,98.59444444444443,0.09476696843461241,1,0.5095781959829129,0.5262983502686011
gebco_mid_atlantic_ridge_moderate,GEBCO Mid-Atlantic,ridge_relief,Fixed-Spacing,Fixed,paper_reference,25.0,146,145,26518.293369635212,11.388273369262999,26529.681643004475,0.042926536105893816,4915.012947476618,0.0,100.0,0.6814814814814812,1,0.0,0.0
gebco_mid_atlantic_ridge_moderate,GEBCO Mid-Atlantic,ridge_relief,Fixed-Spacing,Fixed,paper_reference,50.0,146,145,26518.293369635212,22.776546738525997,26541.069916373737,0.08581623427499686,4919.230826502272,0.0,100.0,0.6814814814814812,1,0.0,0.0
gebco_mid_atlantic_ridge_moderate,GEBCO Mid-Atlantic,ridge_relief,Fixed-Spacing,Fixed,paper_reference,100.0,146,145,26518.293369635212,45.553093477051995,26563.846463112262,0.17148530631777686,4927.666584553577,0.0,100.0,0.6814814814814812,1,0.0,0.0
gebco_mid_atlantic_ridge_moderate,GEBCO Mid-Atlantic,ridge_relief,Fixed-Spacing,Fixed,paper_reference,200.0,146,145,26518.293369635212,91.10618695410399,26609.399556589316,0.34238347528418117,4944.538100656189,0.0,100.0,0.6814814814814812,1,0.0,0.0
gebco_mid_atlantic_ridge_moderate,GEBCO Mid-Atlantic,ridge_relief,Min-Span Boustrophedon,Min-span,external_heuristic,25.0,118,117,26449.839543628,9.189158511750145,26459.028702139753,0.034729765083957954,4901.521826046574,0.2581381277182581,99.17222222222222,0.5559781222222221,1,0.26631658010623843,0.27448801405438755
gebco_mid_atlantic_ridge_moderate,GEBCO Mid-Atlantic,ridge_relief,Min-Span Boustrophedon,Min-span,external_heuristic,50.0,118,117,26449.839543628,18.37831702350029,26468.2178606515,0.06943541541125851,4904.925218087962,0.2581381277182581,99.17222222222222,0.5559781222222221,1,0.27448801405437107,0.29080986273786447
gebco_mid_atlantic_ridge_moderate,GEBCO Mid-Atlantic,ridge_relief,Min-Span Boustrophedon,Min-span,external_heuristic,100.0,118,117,26449.839543628,36.75663404700058,26486.596177675,0.13877447219126623,4911.732002170741,0.2581381277182581,99.17222222222222,0.5559781222222221,1,0.290809862737818,0.32336973513559647
gebco_mid_atlantic_ridge_moderate,GEBCO Mid-Atlantic,ridge_relief,Min-Span Boustrophedon,Min-span,external_heuristic,200.0,118,117,26449.839543628,73.51326809400116,26523.352811722,0.2771643110727387,4925.345570336297,0.2581381277182581,99.17222222222222,0.5559781222222221,1,0.32336973513559586,0.3881561822194321
gebco_mid_atlantic_ridge_moderate,GEBCO Mid-Atlantic,ridge_relief,Contour-Parallel Fixed-Width,Contour,external_heuristic,25.0,186,185,26493.520769238832,14.529866022852792,26508.050635261687,0.05481303104018065,4911.588981719359,0.09341702367900394,100.0,0.0,1,0.08153511992290238,0.06966341276917201
gebco_mid_atlantic_ridge_moderate,GEBCO Mid-Atlantic,ridge_relief,Contour-Parallel Fixed-Width,Contour,external_heuristic,50.0,186,185,26493.520769238832,29.059732045705584,26522.580501284538,0.10956600563168492,4916.970413579675,0.09341702367900394,100.0,0.0,1,0.06966341276917817,0.04595053581180799
gebco_mid_atlantic_ridge_moderate,GEBCO Mid-Atlantic,ridge_relief,Contour-Parallel Fixed-Width,Contour,external_heuristic,100.0,186,185,26493.520769238832,58.11946409141117,26551.640233330243,0.21889217984527323,4927.733277300306,0.09341702367900394,100.0,0.0,1,0.04595053581178266,-0.001353434644669119
gebco_mid_atlantic_ridge_moderate,GEBCO Mid-Atlantic,ridge_relief,Contour-Parallel Fixed-Width,Contour,external_heuristic,200.0,186,185,26493.520769238832,116.23892818282233,26609.759697421654,0.43682817697179455,4949.25900474157,0.09341702367900394,100.0,0.0,1,-0.0013534346446698025,-0.09547715053007509
gebco_mid_atlantic_ridge_moderate,GEBCO Mid-Atlantic,ridge_relief,Geometry-Shortest Fixed-Width,Geom-short,external_heuristic,25.0,130,129,26412.743977776994,10.131636307827083,26422.87561408482,0.038344185000160895,4895.001342665305,0.39802482907545345,99.99444444444444,0.02459834768518491,1,0.4025906920289712,0.4071526367308393
gebco_mid_atlantic_ridge_moderate,GEBCO Mid-Atlantic,ridge_relief,Geometry-Shortest Fixed-Width,Geom-short,external_heuristic,50.0,130,129,26412.743977776994,20.263272615654166,26433.00725039265,0.07665897574084449,4898.753800557093,0.39802482907545345,99.99444444444444,0.02459834768518491,1,0.40715263673082625,0.4162647915373119
gebco_mid_atlantic_ridge_moderate,GEBCO Mid-Atlantic,ridge_relief,Geometry-Shortest Fixed-Width,Geom-short,external_heuristic,100.0,130,129,26412.743977776994,40.52654523130833,26453.2705230083,0.1532005095402457,4906.258716340668,0.39802482907545345,99.99444444444444,0.02459834768518491,1,0.41626479153729484,0.4344423033817893
gebco_mid_atlantic_ridge_moderate,GEBCO Mid-Atlantic,ridge_relief,Geometry-Shortest Fixed-Width,Geom-short,external_heuristic,200.0,130,129,26412.743977776994,81.05309046261667,26493.79706823961,0.30593232919331886,4921.268547907819,0.39802482907545345,99.99444444444444,0.02459834768518491,1,0.4344423033817688,0.470611253764676
gebco_mid_atlantic_ridge_moderate,GEBCO Mid-Atlantic,ridge_relief,Adaptive Spacing w/o GA,Adaptive,paper_reference,25.0,145,144,26337.653826007576,11.309733552923255,26348.9635595605,0.042922878265622,4881.532091317301,0.6811884200454528,99.33333333333333,0.0,1,0.681192054528962,0.6811956858934908
gebco_mid_atlantic_ridge_moderate,GEBCO Mid-Atlantic,ridge_relief,Adaptive Spacing w/o GA,Adaptive,paper_reference,50.0,145,144,26337.653826007576,22.61946710584651,26360.273293113423,0.08580892487088064,4885.7208815220865,0.6811884200454528,99.33333333333333,0.0,1,0.6811956858934942,0.681202939281712
gebco_mid_atlantic_ridge_moderate,GEBCO Mid-Atlantic,ridge_relief,Adaptive Spacing w/o GA,Adaptive,paper_reference,100.0,145,144,26337.653826007576,45.23893421169302,26382.892760219267,0.17147071256683924,4894.09846193166,0.6811884200454528,99.33333333333333,0.0,1,0.6812029392816876,0.6812174088064589
gebco_mid_atlantic_ridge_moderate,GEBCO Mid-Atlantic,ridge_relief,Adaptive Spacing w/o GA,Adaptive,paper_reference,200.0,145,144,26337.653826007576,90.47786842338604,26428.131694430962,0.34235438762571285,4910.853622750806,0.6811884200454528,99.33333333333333,0.0,1,0.6812174088064568,0.6812461997393308
gebco_mid_atlantic_ridge_moderate,GEBCO Mid-Atlantic,ridge_relief,Hybrid GA Seed-0,Hybrid s0,paper_reference,25.0,145,144,26337.653826007576,11.309733552923255,26348.9635595605,0.042922878265622,4881.532091317301,0.6811884200454528,99.33333333333333,0.0,1,0.681192054528962,0.6811956858934908
gebco_mid_atlantic_ridge_moderate,GEBCO Mid-Atlantic,ridge_relief,Hybrid GA Seed-0,Hybrid s0,paper_reference,50.0,145,144,26337.653826007576,22.61946710584651,26360.273293113423,0.08580892487088064,4885.7208815220865,0.6811884200454528,99.33333333333333,0.0,1,0.6811956858934942,0.681202939281712
gebco_mid_atlantic_ridge_moderate,GEBCO Mid-Atlantic,ridge_relief,Hybrid GA Seed-0,Hybrid s0,paper_reference,100.0,145,144,26337.653826007576,45.23893421169302,26382.892760219267,0.17147071256683924,4894.09846193166,0.6811884200454528,99.33333333333333,0.0,1,0.6812029392816876,0.6812174088064589
gebco_mid_atlantic_ridge_moderate,GEBCO Mid-Atlantic,ridge_relief,Hybrid GA Seed-0,Hybrid s0,paper_reference,200.0,145,144,26337.653826007576,90.47786842338604,26428.131694430962,0.34235438762571285,4910.853622750806,0.6811884200454528,99.33333333333333,0.0,1,0.6812174088064568,0.6812461997393308
gebco_hawaii_ridge_moderate,GEBCO Hawaii,ridge_relief,Fixed-Spacing,Fixed,paper_reference,25.0,146,145,30142.25528360704,11.388273369262999,30153.6435569763,0.03776748686355094,5586.117005619549,0.0,98.81111111111112,0.6478185966085465,1,0.0,0.0
gebco_hawaii_ridge_moderate,GEBCO Hawaii,ridge_relief,Fixed-Spacing,Fixed,paper_reference,50.0,146,145,30142.25528360704,22.776546738525997,30165.031830345564,0.07550645683593524,5590.334884645202,0.0,98.81111111111112,0.6478185966085465,1,0.0,0.0
gebco_hawaii_ridge_moderate,GEBCO Hawaii,ridge_relief,Fixed-Spacing,Fixed,paper_reference,100.0,146,145,30142.25528360704,45.553093477051995,30187.80837708409,0.1508989752022935,5598.770642696507,0.0,98.81111111111112,0.6478185966085465,1,0.0,0.0
gebco_hawaii_ridge_moderate,GEBCO Hawaii,ridge_relief,Fixed-Spacing,Fixed,paper_reference,200.0,146,145,30142.25528360704,91.10618695410399,30233.361470561144,0.3013432265638606,5615.64215879912,0.0,98.81111111111112,0.6478185966085465,1,0.0,0.0
gebco_hawaii_ridge_moderate,GEBCO Hawaii,ridge_relief,Min-Span Boustrophedon,Min-span,external_heuristic,25.0,134,133,30036.901200573,10.445795573186063,30047.346996146185,0.0347644521645316,5566.257924392476,0.34952289416557386,97.86666666666667,0.22567574799680976,1,0.35251647327217905,0.3555077920332713
gebco_hawaii_ridge_moderate,GEBCO Hawaii,ridge_relief,Min-Span Boustrophedon,Min-span,external_heuristic,50.0,134,133,30036.901200573,20.891591146372125,30057.792791719374,0.0695047413864918,5570.126737567731,0.34952289416557386,97.86666666666667,0.22567574799680976,1,0.3555077920332562,0.36148365875139477
gebco_hawaii_ridge_moderate,GEBCO Hawaii,ridge_relief,Min-Span Boustrophedon,Min-span,external_heuristic,100.0,134,133,30036.901200573,41.78318229274425,30078.684382865744,0.1389129316990538,5577.864363918238,0.34952289416557386,97.86666666666667,0.22567574799680976,1,0.3614836587514014,0.37340838038329893
gebco_hawaii_ridge_moderate,GEBCO Hawaii,ridge_relief,Min-Span Boustrophedon,Min-span,external_heuristic,200.0,134,133,30036.901200573,83.5663645854885,30120.467565158488,0.2774404627176271,5593.339616619254,0.34952289416557386,97.86666666666667,0.22567574799680976,1,0.3734083803833163,0.3971503445054798
gebco_hawaii_ridge_moderate,GEBCO Hawaii,ridge_relief,Contour-Parallel Fixed-Width,Contour,external_heuristic,25.0,167,166,30079.89082122488,13.037609512397642,30092.928430737276,0.04332449579443678,5575.178896342532,0.2069004518586147,98.65,0.028679303922839506,1,0.20135253679808887,0.1958088107716463
gebco_hawaii_ridge_moderate,GEBCO Hawaii,ridge_relief,Contour-Parallel Fixed-Width,Contour,external_heuristic,50.0,167,166,30079.89082122488,26.075219024795285,30105.966040249674,0.08661146760723257,5580.007640606384,0.2069004518586147,98.65,0.028679303922839506,1,0.19580881077165355,0.1847339068574179
gebco_hawaii_ridge_moderate,GEBCO Hawaii,ridge_relief,Contour-Parallel Fixed-Width,Contour,external_heuristic,100.0,167,166,30079.89082122488,52.15043804959057,30132.04125927447,0.1730730341195818,5589.665129134086,0.2069004518586147,98.65,0.028679303922839506,1,0.18473390685742574,0.16263415923813582
gebco_hawaii_ridge_moderate,GEBCO Hawaii,ridge_relief,Contour-Parallel Fixed-Width,Contour,external_heuristic,200.0,167,166,30079.89082122488,104.30087609918114,30184.19169732406,0.34554801780041633,5608.98010618949,0.2069004518586147,98.65,0.028679303922839506,1,0.1626341592381731,0.11863385203759114
gebco_hawaii_ridge_moderate,GEBCO Hawaii,ridge_relief,Geometry-Shortest Fixed-Width,Geom-short,external_heuristic,25.0,134,133,30036.901200573,10.445795573186063,30047.346996146185,0.0347644521645316,5566.257924392476,0.34952289416557386,97.86666666666667,0.22567574799680976,1,0.35251647327217905,0.3555077920332713
gebco_hawaii_ridge_moderate,GEBCO Hawaii,ridge_relief,Geometry-Shortest Fixed-Width,Geom-short,external_heuristic,50.0,134,133,30036.901200573,20.891591146372125,30057.792791719374,0.0695047413864918,5570.126737567731,0.34952289416557386,97.86666666666667,0.22567574799680976,1,0.3555077920332562,0.36148365875139477
gebco_hawaii_ridge_moderate,GEBCO Hawaii,ridge_relief,Geometry-Shortest Fixed-Width,Geom-short,external_heuristic,100.0,134,133,30036.901200573,41.78318229274425,30078.684382865744,0.1389129316990538,5577.864363918238,0.34952289416557386,97.86666666666667,0.22567574799680976,1,0.3614836587514014,0.37340838038329893
gebco_hawaii_ridge_moderate,GEBCO Hawaii,ridge_relief,Geometry-Shortest Fixed-Width,Geom-short,external_heuristic,200.0,134,133,30036.901200573,83.5663645854885,30120.467565158488,0.2774404627176271,5593.339616619254,0.34952289416557386,97.86666666666667,0.22567574799680976,1,0.3734083803833163,0.3971503445054798
gebco_hawaii_ridge_moderate,GEBCO Hawaii,ridge_relief,Adaptive Spacing w/o GA,Adaptive,paper_reference,25.0,145,144,29936.79408303439,11.309733552923255,29948.103816587314,0.03776443951906948,5548.039546322266,0.6816384462259838,98.19444444444444,0.0,1,0.6816414739419908,0.6816444993718829
gebco_hawaii_ridge_moderate,GEBCO Hawaii,ridge_relief,Adaptive Spacing w/o GA,Adaptive,paper_reference,50.0,145,144,29936.79408303439,22.61946710584651,29959.413550140238,0.07550036674780182,5552.228336527051,0.6816384462259838,98.19444444444444,0.0,1,0.6816444993718768,0.6816505433836612
gebco_hawaii_ridge_moderate,GEBCO Hawaii,ridge_relief,Adaptive Spacing w/o GA,Adaptive,paper_reference,100.0,145,144,29936.79408303439,45.23893421169302,29982.03301724608,0.150886813398114,5560.605916936624,0.6816384462259838,98.19444444444444,0.0,1,0.6816505433836467,0.681662604087339
gebco_hawaii_ridge_moderate,GEBCO Hawaii,ridge_relief,Adaptive Spacing w/o GA,Adaptive,paper_reference,200.0,145,144,29936.79408303439,90.47786842338604,30027.271951457777,0.3013189761948837,5577.361077755771,0.6816384462259838,98.19444444444444,0.0,1,0.6816626040873444,0.6816866167899768
gebco_hawaii_ridge_moderate,GEBCO Hawaii,ridge_relief,Hybrid GA Seed-0,Hybrid s0,paper_reference,25.0,145,144,29936.79408303439,11.309733552923255,29948.103816587314,0.03776443951906948,5548.039546322266,0.6816384462259838,98.19444444444444,0.0,1,0.6816414739419908,0.6816444993718829
gebco_hawaii_ridge_moderate,GEBCO Hawaii,ridge_relief,Hybrid GA Seed-0,Hybrid s0,paper_reference,50.0,145,144,29936.79408303439,22.61946710584651,29959.413550140238,0.07550036674780182,5552.228336527051,0.6816384462259838,98.19444444444444,0.0,1,0.6816444993718768,0.6816505433836612
gebco_hawaii_ridge_moderate,GEBCO Hawaii,ridge_relief,Hybrid GA Seed-0,Hybrid s0,paper_reference,100.0,145,144,29936.79408303439,45.23893421169302,29982.03301724608,0.150886813398114,5560.605916936624,0.6816384462259838,98.19444444444444,0.0,1,0.6816505433836467,0.681662604087339
gebco_hawaii_ridge_moderate,GEBCO Hawaii,ridge_relief,Hybrid GA Seed-0,Hybrid s0,paper_reference,200.0,145,144,29936.79408303439,90.47786842338604,30027.271951457777,0.3013189761948837,5577.361077755771,0.6816384462259838,98.19444444444444,0.0,1,0.6816626040873444,0.6816866167899768
usgs_southern_cascadia_30m_low,USGS Low,usgs_cascadia_low,Fixed-Spacing,Fixed,paper_reference,25.0,6,5,51.93,0.39269908169872414,52.32269908169872,0.7505329208754089,9.762110770999527,0.0,100.0,1.6333333333333329,1,0.0,0.0
usgs_southern_cascadia_30m_low,USGS Low,usgs_cascadia_low,Fixed-Spacing,Fixed,paper_reference,50.0,6,5,51.93,0.7853981633974483,52.715398163397445,1.4898837735475625,9.907554875332389,0.0,100.0,1.6333333333333329,1,0.0,0.0
usgs_southern_cascadia_30m_low,USGS Low,usgs_cascadia_low,Fixed-Spacing,Fixed,paper_reference,100.0,6,5,51.93,1.5707963267948966,53.5007963267949,2.9360241989672815,10.198443083998109,0.0,100.0,1.6333333333333329,1,0.0,0.0
usgs_southern_cascadia_30m_low,USGS Low,usgs_cascadia_low,Fixed-Spacing,Fixed,paper_reference,200.0,6,5,51.93,3.141592653589793,55.07159265358979,5.704561103491187,10.780219501329553,0.0,100.0,1.6333333333333329,1,0.0,0.0
usgs_southern_cascadia_30m_low,USGS Low,usgs_cascadia_low,Min-Span Boustrophedon,Min-span,external_heuristic,25.0,5,4,51.96,0.3141592653589793,52.27415926535898,0.6009838699924653,9.73857750568851,-0.05777007510109982,99.25,8.555555555555554,0,0.0927700925060242,0.24106738658330917
usgs_southern_cascadia_30m_low,USGS Low,usgs_cascadia_low,Min-Span Boustrophedon,Min-span,external_heuristic,50.0,5,4,51.96,0.6283185307179586,52.588318530717956,1.1947872612640094,9.854932789154798,-0.05777007510109982,99.25,8.555555555555554,0,0.24106738658331187,0.5311309080771088
usgs_southern_cascadia_30m_low,USGS Low,usgs_cascadia_low,Min-Span Boustrophedon,Min-span,external_heuristic,100.0,5,4,51.96,1.2566370614359172,53.21663706143592,2.361361278776773,10.087643356087376,-0.05777007510109982,99.25,8.555555555555554,0,0.5311309080770896,1.0864376748308107
usgs_southern_cascadia_30m_low,USGS Low,usgs_cascadia_low,Min-Span Boustrophedon,Min-span,external_heuristic,200.0,5,4,51.96,2.5132741228718345,54.473274122871835,4.613774669029082,10.553064489952531,-0.05777007510109982,99.25,8.555555555555554,0,1.0864376748308062,2.1071464393559536
usgs_southern_cascadia_30m_low,USGS Low,usgs_cascadia_low,Contour-Parallel Fixed-Width,Contour,external_heuristic,25.0,8,7,56.88687382143803,0.5497787143782138,57.43665253581624,0.957191427608675,10.73822800929527,-9.54529909770466,99.99444444444444,4.716582184830246,0,-9.773871653930529,-9.999038744730402
usgs_southern_cascadia_30m_low,USGS Low,usgs_cascadia_low,Contour-Parallel Fixed-Width,Contour,external_heuristic,50.0,8,7,56.88687382143803,1.0995574287564276,57.98643125019446,1.896232282363023,10.941849755361275,-9.54529909770466,99.99444444444444,4.716582184830246,0,-9.999038744730406,-10.439456485919152
usgs_southern_cascadia_30m_low,USGS Low,usgs_cascadia_low,Contour-Parallel Fixed-Width,Contour,external_heuristic,100.0,8,7,56.88687382143803,2.199114857512855,59.08598867895088,3.72188890578094,11.349093247493284,-9.54529909770466,99.99444444444444,4.716582184830246,0,-10.439456485919152,-11.28260611956158
usgs_southern_cascadia_30m_low,USGS Low,usgs_cascadia_low,Contour-Parallel Fixed-Width,Contour,external_heuristic,200.0,8,7,56.88687382143803,4.39822971502571,61.28510353646374,7.176670122469203,12.163580231757305,-9.54529909770466,99.99444444444444,4.716582184830246,0,-11.282606119561581,-12.832398544919593
usgs_southern_cascadia_30m_low,USGS Low,usgs_cascadia_low,Geometry-Shortest Fixed-Width,Geom-short,external_heuristic,25.0,6,5,51.93,0.39269908169872414,52.32269908169872,0.7505329208754089,9.762110770999527,0.0,100.0,1.6333333333333329,1,0.0,0.0
usgs_southern_cascadia_30m_low,USGS Low,usgs_cascadia_low,Geometry-Shortest Fixed-Width,Geom-short,external_heuristic,50.0,6,5,51.93,0.7853981633974483,52.715398163397445,1.4898837735475625,9.907554875332389,0.0,100.0,1.6333333333333329,1,0.0,0.0
usgs_southern_cascadia_30m_low,USGS Low,usgs_cascadia_low,Geometry-Shortest Fixed-Width,Geom-short,external_heuristic,100.0,6,5,51.93,1.5707963267948966,53.5007963267949,2.9360241989672815,10.198443083998109,0.0,100.0,1.6333333333333329,1,0.0,0.0
usgs_southern_cascadia_30m_low,USGS Low,usgs_cascadia_low,Geometry-Shortest Fixed-Width,Geom-short,external_heuristic,200.0,6,5,51.93,3.141592653589793,55.07159265358979,5.704561103491187,10.780219501329553,0.0,100.0,1.6333333333333329,1,0.0,0.0
usgs_southern_cascadia_30m_low,USGS Low,usgs_cascadia_low,Adaptive Spacing w/o GA,Adaptive,paper_reference,25.0,6,5,52.11,0.39269908169872414,52.50269908169872,0.7479597974337482,9.79544410433286,-0.34662045060658525,100.0,0.0,1,-0.34401895001429617,-0.3414562087571996
usgs_southern_cascadia_30m_low,USGS Low,usgs_cascadia_low,Adaptive Spacing w/o GA,Adaptive,paper_reference,50.0,6,5,52.11,0.7853981633974483,52.895398163397445,1.4848137846912515,9.940888208665722,-0.34662045060658525,100.0,0.0,1,-0.3414562087572003,-0.3364435902982058
usgs_southern_cascadia_30m_low,USGS Low,usgs_cascadia_low,Adaptive Spacing w/o GA,Adaptive,paper_reference,100.0,6,5,52.11,1.5707963267948966,53.6807963267949,2.926179256418426,10.231776417331442,-0.34662045060658525,100.0,0.0,1,-0.3364435902982064,-0.3268472752045355
usgs_southern_cascadia_30m_low,USGS Low,usgs_cascadia_low,Adaptive Spacing w/o GA,Adaptive,paper_reference,200.0,6,5,52.11,3.141592653589793,55.251592653589796,5.685976643762283,10.813552834662886,-0.34662045060658525,100.0,0.0,1,-0.32684727520454904,-0.30920829885905504
usgs_southern_cascadia_30m_low,USGS Low,usgs_cascadia_low,Hybrid GA Seed-0,Hybrid s0,paper_reference,25.0,6,5,52.00652797081012,0.39269908169872414,52.39922705250884,0.7494367833044628,9.776282617445846,-0.14736755403450602,99.33333333333333,0.0,1,-0.1462615120267882,-0.145171948759474
usgs_southern_cascadia_30m_low,USGS Low,usgs_cascadia_low,Hybrid GA Seed-0,Hybrid s0,paper_reference,50.0,6,5,52.00652797081012,0.7853981633974483,52.791926134207564,1.4877240156019504,9.921726721778708,-0.14736755403450602,99.33333333333333,0.0,1,-0.14517194875947198,-0.14304080698662872
usgs_southern_cascadia_30m_low,USGS Low,usgs_cascadia_low,Hybrid GA Seed-0,Hybrid s0,paper_reference,100.0,6,5,52.00652797081012,1.5707963267948966,53.57732429760502,2.931830484982083,10.212614930444428,-0.14736755403450602,99.33333333333333,0.0,1,-0.14304080698662672,-0.13896088186788916
usgs_southern_cascadia_30m_low,USGS Low,usgs_cascadia_low,Hybrid GA Seed-0,Hybrid s0,paper_reference,200.0,6,5,52.00652797081012,3.141592653589793,55.14812062439991,5.69664499536874,10.794391347775871,-0.14736755403450602,99.33333333333333,0.0,1,-0.13896088186788724,-0.13146157594073735
usgs_southern_cascadia_30m_medium,USGS Medium,usgs_cascadia_medium,Fixed-Spacing,Fixed,paper_reference,25.0,6,5,51.93,0.39269908169872414,52.32269908169872,0.7505329208754089,9.762110770999527,0.0,100.0,1.6333333333333329,1,0.0,0.0
usgs_southern_cascadia_30m_medium,USGS Medium,usgs_cascadia_medium,Fixed-Spacing,Fixed,paper_reference,50.0,6,5,51.93,0.7853981633974483,52.715398163397445,1.4898837735475625,9.907554875332389,0.0,100.0,1.6333333333333329,1,0.0,0.0
usgs_southern_cascadia_30m_medium,USGS Medium,usgs_cascadia_medium,Fixed-Spacing,Fixed,paper_reference,100.0,6,5,51.93,1.5707963267948966,53.5007963267949,2.9360241989672815,10.198443083998109,0.0,100.0,1.6333333333333329,1,0.0,0.0
usgs_southern_cascadia_30m_medium,USGS Medium,usgs_cascadia_medium,Fixed-Spacing,Fixed,paper_reference,200.0,6,5,51.93,3.141592653589793,55.07159265358979,5.704561103491187,10.780219501329553,0.0,100.0,1.6333333333333329,1,0.0,0.0
usgs_southern_cascadia_30m_medium,USGS Medium,usgs_cascadia_medium,Min-Span Boustrophedon,Min-span,external_heuristic,25.0,5,4,51.96,0.3141592653589793,52.27415926535898,0.6009838699924653,9.73857750568851,-0.05777007510109982,99.25,8.555555555555554,0,0.0927700925060242,0.24106738658330917
usgs_southern_cascadia_30m_medium,USGS Medium,usgs_cascadia_medium,Min-Span Boustrophedon,Min-span,external_heuristic,50.0,5,4,51.96,0.6283185307179586,52.588318530717956,1.1947872612640094,9.854932789154798,-0.05777007510109982,99.25,8.555555555555554,0,0.24106738658331187,0.5311309080771088
usgs_southern_cascadia_30m_medium,USGS Medium,usgs_cascadia_medium,Min-Span Boustrophedon,Min-span,external_heuristic,100.0,5,4,51.96,1.2566370614359172,53.21663706143592,2.361361278776773,10.087643356087376,-0.05777007510109982,99.25,8.555555555555554,0,0.5311309080770896,1.0864376748308107
usgs_southern_cascadia_30m_medium,USGS Medium,usgs_cascadia_medium,Min-Span Boustrophedon,Min-span,external_heuristic,200.0,5,4,51.96,2.5132741228718345,54.473274122871835,4.613774669029082,10.553064489952531,-0.05777007510109982,99.25,8.555555555555554,0,1.0864376748308062,2.1071464393559536
usgs_southern_cascadia_30m_medium,USGS Medium,usgs_cascadia_medium,Contour-Parallel Fixed-Width,Contour,external_heuristic,25.0,8,7,56.321110268334294,0.5497787143782138,56.87088898271251,0.9667137690520968,10.633456980942727,-8.45582566596244,99.99444444444444,3.1909985962037037,0,-8.692575078957725,-8.925797200864828
usgs_southern_cascadia_30m_medium,USGS Medium,usgs_cascadia_medium,Contour-Parallel Fixed-Width,Contour,external_heuristic,50.0,8,7,56.321110268334294,1.0995574287564276,57.42066769709072,1.9149157835587791,10.837078727008732,-8.45582566596244,99.99444444444444,3.1909985962037037,0,-8.925797200864825,-9.381970257774208
usgs_southern_cascadia_30m_medium,USGS Medium,usgs_cascadia_medium,Contour-Parallel Fixed-Width,Contour,external_heuristic,100.0,8,7,56.321110268334294,2.199114857512855,58.52022512584715,3.7578714927765247,11.244322219140741,-8.45582566596244,99.99444444444444,3.1909985962037037,0,-9.381970257774201,-10.255282365439403
usgs_southern_cascadia_30m_medium,USGS Medium,usgs_cascadia_medium,Contour-Parallel Fixed-Width,Contour,external_heuristic,200.0,8,7,56.321110268334294,4.39822971502571,60.71933998336,7.243540058622236,12.058809203404763,-8.45582566596244,99.99444444444444,3.1909985962037037,0,-10.255282365439397,-11.860516401521497
usgs_southern_cascadia_30m_medium,USGS Medium,usgs_cascadia_medium,Geometry-Shortest Fixed-Width,Geom-short,external_heuristic,25.0,6,5,51.93,0.39269908169872414,52.32269908169872,0.7505329208754089,9.762110770999527,0.0,100.0,1.6333333333333329,1,0.0,0.0
usgs_southern_cascadia_30m_medium,USGS Medium,usgs_cascadia_medium,Geometry-Shortest Fixed-Width,Geom-short,external_heuristic,50.0,6,5,51.93,0.7853981633974483,52.715398163397445,1.4898837735475625,9.907554875332389,0.0,100.0,1.6333333333333329,1,0.0,0.0
usgs_southern_cascadia_30m_medium,USGS Medium,usgs_cascadia_medium,Geometry-Shortest Fixed-Width,Geom-short,external_heuristic,100.0,6,5,51.93,1.5707963267948966,53.5007963267949,2.9360241989672815,10.198443083998109,0.0,100.0,1.6333333333333329,1,0.0,0.0
usgs_southern_cascadia_30m_medium,USGS Medium,usgs_cascadia_medium,Geometry-Shortest Fixed-Width,Geom-short,external_heuristic,200.0,6,5,51.93,3.141592653589793,55.07159265358979,5.704561103491187,10.780219501329553,0.0,100.0,1.6333333333333329,1,0.0,0.0
usgs_southern_cascadia_30m_medium,USGS Medium,usgs_cascadia_medium,Adaptive Spacing w/o GA,Adaptive,paper_reference,25.0,6,5,52.11,0.39269908169872414,52.50269908169872,0.7479597974337482,9.79544410433286,-0.34662045060658525,100.0,0.0,1,-0.34401895001429617,-0.3414562087571996
usgs_southern_cascadia_30m_medium,USGS Medium,usgs_cascadia_medium,Adaptive Spacing w/o GA,Adaptive,paper_reference,50.0,6,5,52.11,0.7853981633974483,52.895398163397445,1.4848137846912515,9.940888208665722,-0.34662045060658525,100.0,0.0,1,-0.3414562087572003,-0.3364435902982058
usgs_southern_cascadia_30m_medium,USGS Medium,usgs_cascadia_medium,Adaptive Spacing w/o GA,Adaptive,paper_reference,100.0,6,5,52.11,1.5707963267948966,53.6807963267949,2.926179256418426,10.231776417331442,-0.34662045060658525,100.0,0.0,1,-0.3364435902982064,-0.3268472752045355
usgs_southern_cascadia_30m_medium,USGS Medium,usgs_cascadia_medium,Adaptive Spacing w/o GA,Adaptive,paper_reference,200.0,6,5,52.11,3.141592653589793,55.251592653589796,5.685976643762283,10.813552834662886,-0.34662045060658525,100.0,0.0,1,-0.32684727520454904,-0.30920829885905504
usgs_southern_cascadia_30m_medium,USGS Medium,usgs_cascadia_medium,Hybrid GA Seed-0,Hybrid s0,paper_reference,25.0,6,5,52.00652797081012,0.39269908169872414,52.39922705250884,0.7494367833044628,9.776282617445846,-0.14736755403450602,99.33333333333333,0.0,1,-0.1462615120267882,-0.145171948759474
usgs_southern_cascadia_30m_medium,USGS Medium,usgs_cascadia_medium,Hybrid GA Seed-0,Hybrid s0,paper_reference,50.0,6,5,52.00652797081012,0.7853981633974483,52.791926134207564,1.4877240156019504,9.921726721778708,-0.14736755403450602,99.33333333333333,0.0,1,-0.14517194875947198,-0.14304080698662872
usgs_southern_cascadia_30m_medium,USGS Medium,usgs_cascadia_medium,Hybrid GA Seed-0,Hybrid s0,paper_reference,100.0,6,5,52.00652797081012,1.5707963267948966,53.57732429760502,2.931830484982083,10.212614930444428,-0.14736755403450602,99.33333333333333,0.0,1,-0.14304080698662672,-0.13896088186788916
usgs_southern_cascadia_30m_medium,USGS Medium,usgs_cascadia_medium,Hybrid GA Seed-0,Hybrid s0,paper_reference,200.0,6,5,52.00652797081012,3.141592653589793,55.14812062439991,5.69664499536874,10.794391347775871,-0.14736755403450602,99.33333333333333,0.0,1,-0.13896088186788724,-0.13146157594073735
usgs_southern_cascadia_30m_high,USGS High,usgs_cascadia_high,Fixed-Spacing,Fixed,paper_reference,25.0,12,11,97.254304852,0.863937979737193,98.11824283173719,0.8805069830069815,18.330033483606368,0.0,97.2,29.960005980349994,0,0.0,0.0
usgs_southern_cascadia_30m_high,USGS High,usgs_cascadia_high,Fixed-Spacing,Fixed,paper_reference,50.0,12,11,97.254304852,1.727875959474386,98.9821808114744,1.7456434535074257,18.650010513138664,0.0,97.2,29.960005980349994,0,0.0,0.0
usgs_southern_cascadia_30m_high,USGS High,usgs_cascadia_high,Fixed-Spacing,Fixed,paper_reference,100.0,12,11,97.254304852,3.455751918948772,100.71005677094878,3.4313871223490677,19.289964572203246,0.0,97.2,29.960005980349994,0,0.0,0.0
usgs_southern_cascadia_30m_high,USGS High,usgs_cascadia_high,Fixed-Spacing,Fixed,paper_reference,200.0,12,11,97.254304852,6.911503837897544,104.16580868989755,6.6350983348798716,20.569872690332424,0.0,97.2,29.960005980349994,0,0.0,0.0
usgs_southern_cascadia_30m_high,USGS High,usgs_cascadia_high,Min-Span Boustrophedon,Min-span,external_heuristic,25.0,6,5,61.61740034,0.39269908169872414,62.010099421698726,0.6332824577947861,11.556073796925453,36.64300985568881,92.44444444444444,7.4880337369886965,0,36.80064213131116,36.95552270943349
usgs_southern_cascadia_30m_high,USGS High,usgs_cascadia_high,Min-Span Boustrophedon,Min-span,external_heuristic,50.0,6,5,61.61740034,0.7853981633974483,62.40279850339745,1.2585944576743433,11.701517901258315,36.64300985568881,92.44444444444444,7.4880337369886965,0,36.955522709433495,37.2573120373591
usgs_southern_cascadia_30m_high,USGS High,usgs_cascadia_high,Min-Span Boustrophedon,Min-span,external_heuristic,100.0,6,5,61.61740034,1.5707963267948966,63.1881966667949,2.4859014968856403,11.992406109924035,36.64300985568881,92.44444444444444,7.4880337369886965,0,37.2573120373591,37.83085466520224
usgs_southern_cascadia_30m_high,USGS High,usgs_cascadia_high,Min-Span Boustrophedon,Min-span,external_heuristic,200.0,6,5,61.61740034,3.141592653589793,64.7589929935898,4.851206772008894,12.574182527255479,36.64300985568881,92.44444444444444,7.4880337369886965,0,37.83085466520224,38.87087821809815
usgs_southern_cascadia_30m_high,USGS High,usgs_cascadia_high,Contour-Parallel Fixed-Width,Contour,external_heuristic,25.0,9,8,75.40730061876583,0.6283185307179586,76.0356191494838,0.8263476220042384,14.197025496333657,22.463791465560917,92.60000000000001,15.341336559534332,0,22.50613448115133,22.54773833866209
usgs_southern_cascadia_30m_high,USGS High,usgs_cascadia_high,Contour-Parallel Fixed-Width,Contour,external_heuristic,50.0,9,8,75.40730061876583,1.2566370614359172,76.66393768020174,1.6391501655940124,14.429736063266233,22.463791465560917,92.60000000000001,15.341336559534332,0,22.5477383386621,22.62880466957007
usgs_southern_cascadia_30m_high,USGS High,usgs_cascadia_high,Contour-Parallel Fixed-Width,Contour,external_heuristic,100.0,9,8,75.40730061876583,2.5132741228718345,77.92057474163767,3.225430678874139,14.89515719713139,22.463791465560917,92.60000000000001,15.341336559534332,0,22.62880466957006,22.782869085227635
usgs_southern_cascadia_30m_high,USGS High,usgs_cascadia_high,Contour-Parallel Fixed-Width,Contour,external_heuristic,200.0,9,8,75.40730061876583,5.026548245743669,80.4338488645095,6.249294689616146,15.825999464861699,22.463791465560917,92.60000000000001,15.341336559534332,0,22.78286908522765,23.06223911487933
usgs_southern_cascadia_30m_high,USGS High,usgs_cascadia_high,Geometry-Shortest Fixed-Width,Geom-short,external_heuristic,25.0,6,5,61.61740034,0.39269908169872414,62.010099421698726,0.6332824577947861,11.556073796925453,36.64300985568881,92.44444444444444,7.4880337369886965,0,36.80064213131116,36.95552270943349
usgs_southern_cascadia_30m_high,USGS High,usgs_cascadia_high,Geometry-Shortest Fixed-Width,Geom-short,external_heuristic,50.0,6,5,61.61740034,0.7853981633974483,62.40279850339745,1.2585944576743433,11.701517901258315,36.64300985568881,92.44444444444444,7.4880337369886965,0,36.955522709433495,37.2573120373591
usgs_southern_cascadia_30m_high,USGS High,usgs_cascadia_high,Geometry-Shortest Fixed-Width,Geom-short,external_heuristic,100.0,6,5,61.61740034,1.5707963267948966,63.1881966667949,2.4859014968856403,11.992406109924035,36.64300985568881,92.44444444444444,7.4880337369886965,0,37.2573120373591,37.83085466520224
usgs_southern_cascadia_30m_high,USGS High,usgs_cascadia_high,Geometry-Shortest Fixed-Width,Geom-short,external_heuristic,200.0,6,5,61.61740034,3.141592653589793,64.7589929935898,4.851206772008894,12.574182527255479,36.64300985568881,92.44444444444444,7.4880337369886965,0,37.83085466520224,38.87087821809815
usgs_southern_cascadia_30m_high,USGS High,usgs_cascadia_high,Adaptive Spacing w/o GA,Adaptive,paper_reference,25.0,12,11,73.89166194729708,0.863937979737193,74.75559992703427,1.155683294068198,14.003618130883606,24.02221982898938,98.55000000000001,2.2372345564469054,1,23.810702505921842,23.602877521157453
usgs_southern_cascadia_30m_high,USGS High,usgs_cascadia_high,Adaptive Spacing w/o GA,Adaptive,paper_reference,50.0,12,11,73.89166194729708,1.727875959474386,75.61953790677147,2.2849596907146146,14.323595160415898,24.02221982898938,98.55000000000001,2.2372345564469054,1,23.60287752115746,23.197924471275062
usgs_southern_cascadia_30m_high,USGS High,usgs_cascadia_high,Adaptive Spacing w/o GA,Adaptive,paper_reference,100.0,12,11,73.89166194729708,3.455751918948772,77.34741386624586,4.467831238578554,14.963549219480488,24.02221982898938,98.55000000000001,2.2372345564469054,1,23.19792447127505,22.4283219211149
usgs_southern_cascadia_30m_high,USGS High,usgs_cascadia_high,Adaptive Spacing w/o GA,Adaptive,paper_reference,200.0,12,11,73.89166194729708,6.911503837897544,80.80316578519462,8.553506252800707,16.24345733760966,24.02221982898938,98.55000000000001,2.2372345564469054,1,22.42832192111492,21.03277651667784
usgs_southern_cascadia_30m_high,USGS High,usgs_cascadia_high,Hybrid GA Seed-0,Hybrid s0,paper_reference,25.0,12,11,72.8691042136253,0.863937979737193,73.7330421933625,1.1717107473628225,13.814255587611056,25.073646534704757,98.55000000000001,1.5733972802907423,1,24.852871326072194,24.635950065416075
usgs_southern_cascadia_30m_high,USGS High,usgs_cascadia_high,Hybrid GA Seed-0,Hybrid s0,paper_reference,50.0,12,11,72.8691042136253,1.727875959474386,74.5969801730997,2.3162813768934214,14.134232617143349,25.073646534704757,98.55000000000001,1.5733972802907423,1,24.63595006541609,24.213272656409575
usgs_southern_cascadia_30m_high,USGS High,usgs_cascadia_high,Hybrid GA Seed-0,Hybrid s0,paper_reference,100.0,12,11,72.8691042136253,3.455751918948772,76.32485613257408,4.527688742637432,14.774186676207938,25.073646534704757,98.55000000000001,1.5733972802907423,1,24.213272656409572,23.40998543098687
usgs_southern_cascadia_30m_high,USGS High,usgs_cascadia_high,Hybrid GA Seed-0,Hybrid s0,paper_reference,200.0,12,11,72.8691042136253,6.911503837897544,79.78060805152285,8.663137580292757,16.05409479433711,25.073646534704757,98.55000000000001,1.5733972802907423,1,23.409985430986897,21.953358506286094
